Calibration_1,AccX_1,AccY_1,AccZ_1,Roll_1,Pitch_1,Yaw_1,QuatW_1,QuatX_1,QuatY_1,QuatZ_1,Calibration_2,AccX_2,AccY_2,AccZ_2,Roll_2,Pitch_2,Yaw_2,QuatW_2,QuatX_2,QuatY_2,QuatZ_2
0.0,5.0,-3.38,55.63,5.0,-3.38,55.63,0.88,-0.46,0.05,-0.04,0.0,0.0,0.0,0.0,0.0,0.0,0.0,0.0,0.0,0.0,0.0
0.0,4.81,-3.06,55.94,4.81,-3.06,55.94,0.88,-0.47,0.05,-0.04,0.0,0.0,0.0,0.0,0.0,0.0,0.0,1.0,0.0,0.0,-0.0
0.0,5.06,-2.31,56.63,5.06,-2.31,56.63,0.88,-0.47,0.04,-0.04,0.0,0.0,0.0,0.0,0.0,0.0,0.0,1.0,0.0,0.0,-0.0
0.0,5.5,-2.0,57.13,5.5,-2.0,57.13,0.88,-0.48,0.04,-0.04,0.0,0.0,-0.12,-100.94,0.0,-0.12,-100.94,0.64,0.77,0.0,-0.0
0.0,6.06,-1.5,57.94,6.06,-1.5,57.94,0.87,-0.49,0.04,-0.05,0.0,0.0,-0.12,-100.94,0.0,-0.12,-100.94,0.64,0.77,0.0,-0.0
0.0,5.94,-0.94,59.19,5.94,-0.94,59.19,0.87,-0.5,0.03,-0.04,0.0,0.0,-0.12,-100.94,0.0,-0.12,-100.94,0.64,0.77,0.0,-0.0
0.0,5.81,-0.25,59.75,5.81,-0.25,59.75,0.87,-0.5,0.03,-0.04,0.0,0.0,-0.12,-100.94,0.0,-0.12,-100.94,0.64,0.77,0.0,-0.0
0.0,6.19,0.12,60.25,6.19,0.12,60.25,0.86,-0.5,0.03,-0.05,0.0,0.0,-0.12,-100.94,0.0,-0.12,-100.94,0.64,0.77,0.0,-0.0
0.0,6.38,0.0,61.5,6.38,0.0,61.5,0.86,-0.51,0.03,-0.05,0.0,0.0,-0.12,-100.94,0.0,-0.12,-100.94,0.64,0.77,0.0,-0.0
0.0,5.88,0.0,61.81,5.88,0.0,61.81,0.86,-0.51,0.02,-0.04,0.0,0.0,-0.12,-100.94,0.0,-0.12,-100.94,0.64,0.77,0.0,-0.0
0.0,5.75,0.44,62.31,5.75,0.44,62.31,0.85,-0.52,0.02,-0.04,0.0,0.0,-0.12,-100.94,0.0,-0.12,-100.94,0.64,0.77,0.0,-0.0
0.0,5.31,0.44,63.5,5.31,0.44,63.5,0.85,-0.53,0.02,-0.04,0.0,0.0,-0.12,-100.94,0.0,-0.12,-100.94,0.64,0.77,0.0,-0.0
0.0,5.19,0.63,64.06,5.19,0.63,64.06,0.85,-0.53,0.02,-0.04,0.0,0.0,-0.12,-100.94,0.0,-0.12,-100.94,0.64,0.77,0.0,-0.0
0.0,5.5,0.88,65.0,5.5,0.88,65.0,0.84,-0.54,0.02,-0.04,0.0,0.0,-0.12,-100.94,0.0,-0.12,-100.94,0.64,0.77,0.0,-0.0
0.0,5.25,0.88,65.81,5.25,0.88,65.81,0.84,-0.55,0.01,-0.04,0.0,0.0,-0.12,-100.94,0.0,-0.12,-100.94,0.64,0.77,0.0,-0.0
0.0,5.0,1.12,66.62,5.0,1.12,66.62,0.83,-0.55,0.01,-0.04,0.0,0.0,-0.12,-100.94,0.0,-0.12,-100.94,0.64,0.77,0.0,-0.0
0.0,4.75,1.12,67.62,4.75,1.12,67.62,0.83,-0.56,0.01,-0.03,0.0,0.06,-0.12,-100.94,0.06,-0.12,-100.94,0.64,0.77,0.0,-0.0
0.0,4.19,1.0,69.5,4.19,1.0,69.5,0.82,-0.58,0.01,-0.03,0.0,0.06,-0.12,-100.94,0.06,-0.12,-100.94,0.64,0.77,0.0,-0.0
0.0,3.75,0.37,72.19,3.75,0.37,72.19,0.8,-0.59,0.02,-0.03,0.0,0.06,-0.12,-100.94,0.06,-0.12,-100.94,0.64,0.77,0.0,-0.0
0.0,4.25,0.19,74.69,4.25,0.19,74.69,0.79,-0.61,0.02,-0.03,0.0,0.06,-0.12,-100.94,0.06,-0.12,-100.94,0.64,0.77,0.0,-0.0
0.0,4.06,-0.12,78.0,4.06,-0.12,78.0,0.77,-0.64,0.03,-0.03,0.0,0.06,-0.12,-100.94,0.06,-0.12,-100.94,0.64,0.77,0.0,-0.0
0.0,3.88,-0.56,82.44,3.88,-0.56,82.44,0.74,-0.67,0.03,-0.03,0.0,0.06,-0.12,-100.94,0.06,-0.12,-100.94,0.64,0.77,0.0,-0.0
0.0,4.88,-0.31,87.06,4.88,-0.31,87.06,0.72,-0.69,0.03,-0.03,0.0,0.06,-0.12,-100.94,0.06,-0.12,-100.94,0.64,0.77,0.0,-0.0
0.0,1.81,-3.19,92.87,1.81,-3.19,92.87,0.69,-0.72,0.05,-0.01,0.0,0.06,-0.12,-100.94,0.06,-0.12,-100.94,0.64,0.77,0.0,-0.0
0.0,358.0,-5.63,98.44,358.0,-5.63,98.44,0.65,-0.75,0.06,0.01,0.0,0.06,-0.12,-100.94,0.06,-0.12,-100.94,0.64,0.77,0.0,-0.0
0.0,358.25,-5.25,103.44,358.25,-5.25,103.44,0.62,-0.78,0.06,0.01,0.0,0.06,-0.12,-100.94,0.06,-0.12,-100.94,0.64,0.77,0.0,-0.0
0.0,1.06,-4.19,107.0,1.06,-4.19,107.0,0.58,-0.81,0.07,-0.02,0.0,0.06,-0.12,-100.94,0.06,-0.12,-100.94,0.64,0.77,0.0,-0.0
0.0,9.0,-1.0,111.0,9.0,-1.0,111.0,0.56,-0.83,0.08,-0.05,0.0,0.06,-0.12,-100.94,0.06,-0.12,-100.94,0.64,0.77,0.0,-0.0
0.0,11.69,0.37,115.06,11.69,0.37,115.06,0.52,-0.85,0.08,-0.05,0.0,0.06,-0.12,-100.94,0.06,-0.12,-100.94,0.64,0.77,0.0,-0.0
0.0,9.19,-0.19,120.94,9.19,-0.19,120.94,0.48,-0.87,0.07,-0.04,0.0,0.06,-0.12,-100.94,0.06,-0.12,-100.94,0.64,0.77,0.0,-0.0
0.0,11.63,1.0,125.37,11.63,1.0,125.37,0.44,-0.89,0.07,-0.05,0.0,0.06,-0.12,-100.94,0.06,-0.12,-100.94,0.64,0.77,0.0,-0.0
0.0,18.94,3.44,130.31,18.94,3.44,130.31,0.4,-0.91,0.08,-0.07,0.0,0.06,-0.12,-100.94,0.06,-0.12,-100.94,0.64,0.77,0.0,-0.0
0.0,191.19,4.44,135.25,191.19,4.44,135.25,0.36,-0.92,0.09,-0.08,0.0,0.06,-0.12,-100.94,0.06,-0.12,-100.94,0.64,0.77,0.0,-0.0
0.0,191.25,4.38,139.75,191.25,4.38,139.75,0.32,-0.94,0.09,-0.07,0.0,0.06,-0.12,-100.94,0.06,-0.12,-100.94,0.64,0.77,0.0,-0.0
1.0,191.13,4.44,144.94,191.13,4.44,144.94,0.28,-0.95,0.09,-0.07,0.0,0.06,-0.12,-100.94,0.06,-0.12,-100.94,0.64,0.77,0.0,-0.0
1.0,191.63,4.56,150.25,191.63,4.56,150.25,0.24,-0.96,0.1,-0.07,0.0,0.06,-0.12,-100.94,0.06,-0.12,-100.94,0.64,0.77,0.0,-0.0
1.0,192.06,4.88,154.94,192.06,4.88,154.94,0.2,-0.97,0.1,-0.07,0.0,0.06,-0.12,-100.94,0.06,-0.12,-100.94,0.64,0.77,0.0,-0.0
1.0,192.56,4.69,159.81,192.56,4.69,159.81,0.15,-0.98,0.11,-0.06,0.0,0.06,-0.12,-100.94,0.06,-0.12,-100.94,0.64,0.77,0.0,-0.0
1.0,193.44,3.56,164.63,193.44,3.56,164.63,0.12,-0.99,0.12,-0.04,0.0,0.06,-0.12,-100.94,0.06,-0.12,-100.94,0.64,0.77,0.0,-0.0
1.0,194.38,2.38,168.88,194.38,2.38,168.88,0.09,-0.99,0.12,-0.03,0.0,0.06,-0.12,-100.94,0.06,-0.12,-100.94,0.64,0.77,0.0,-0.0
1.0,196.19,1.25,173.75,196.19,1.25,173.75,0.04,-0.99,0.15,-0.01,0.0,0.06,-0.12,-100.94,0.06,-0.12,-100.94,0.64,0.77,0.0,-0.0
1.0,198.44,0.44,178.88,198.44,0.44,178.88,0.01,-0.99,0.16,-0.01,0.0,0.06,-0.12,-100.94,0.06,-0.12,-100.94,0.64,0.77,0.0,-0.0
1.0,200.56,-0.63,-175.0,200.56,-0.63,-175.0,-0.04,-0.98,0.18,0.01,0.0,0.06,-0.12,-100.94,0.06,-0.12,-100.94,0.64,0.77,0.0,-0.0
2.0,201.94,-2.06,-170.19,201.94,-2.06,-170.19,-0.08,-0.98,0.19,0.03,0.0,0.06,-0.12,-100.94,0.06,-0.12,-100.94,0.64,0.77,0.0,-0.0
2.0,204.0,-3.0,-164.38,204.0,-3.0,-164.38,-0.13,-0.97,0.21,0.05,0.0,0.06,-0.12,-100.94,0.06,-0.12,-100.94,0.64,0.77,0.0,-0.0
2.0,205.75,-4.88,-158.88,205.75,-4.88,-158.88,-0.17,-0.96,0.22,0.08,0.0,0.06,-0.12,-100.94,0.06,-0.12,-100.94,0.64,0.77,0.0,-0.0
2.0,207.44,-6.88,-153.44,207.44,-6.88,-153.44,-0.21,-0.94,0.23,0.11,0.0,0.06,-0.12,-100.94,0.06,-0.12,-100.94,0.64,0.77,0.0,-0.0
2.0,208.38,-8.44,-149.88,208.38,-8.44,-149.88,-0.23,-0.93,0.24,0.14,0.0,0.06,-0.12,-100.94,0.06,-0.12,-100.94,0.64,0.77,0.0,-0.0
2.0,209.06,-9.0,-147.81,209.06,-9.0,-147.81,-0.25,-0.92,0.24,0.15,0.0,0.06,-0.12,-100.94,0.06,-0.12,-100.94,0.64,0.77,0.0,-0.0
2.0,210.38,-9.44,-144.19,210.38,-9.44,-144.19,-0.28,-0.91,0.25,0.17,0.0,0.06,-0.12,-100.94,0.06,-0.12,-100.94,0.64,0.77,0.0,-0.0
2.0,212.13,-10.06,-139.75,212.13,-10.06,-139.75,-0.31,-0.89,0.26,0.19,0.0,0.06,-0.12,-100.94,0.06,-0.12,-100.94,0.64,0.77,0.0,-0.0
1.0,67.44,-12.06,-135.13,67.44,-12.06,-135.13,-0.33,-0.87,0.27,0.23,0.0,0.06,-0.12,-100.94,0.06,-0.12,-100.94,0.64,0.77,0.0,-0.0
1.0,74.06,-15.19,-130.31,74.06,-15.19,-130.31,-0.35,-0.85,0.27,0.28,0.0,0.06,-0.12,-100.94,0.06,-0.12,-100.94,0.64,0.77,0.0,-0.0
1.0,79.56,-18.0,-125.87,79.56,-18.0,-125.87,-0.36,-0.83,0.27,0.31,0.0,0.06,-0.12,-100.94,0.06,-0.12,-100.94,0.64,0.77,0.0,-0.0
1.0,83.44,-20.19,-122.87,83.44,-20.19,-122.87,-0.37,-0.82,0.27,0.34,0.0,0.06,-0.12,-100.94,0.06,-0.12,-100.94,0.64,0.77,0.0,-0.0
1.0,88.5,-23.12,-120.5,88.5,-23.12,-120.5,-0.37,-0.81,0.26,0.37,0.0,0.06,-0.12,-100.94,0.06,-0.12,-100.94,0.64,0.77,0.0,-0.0
1.0,95.5,-26.69,-117.75,95.5,-26.69,-117.75,-0.36,-0.8,0.26,0.41,0.0,0.06,-0.12,-100.94,0.06,-0.12,-100.94,0.64,0.77,0.0,-0.0
1.0,103.19,-30.5,-116.0,103.19,-30.5,-116.0,-0.34,-0.79,0.26,0.45,0.0,0.06,-0.12,-100.94,0.06,-0.12,-100.94,0.64,0.77,0.0,-0.0
1.0,110.06,-33.88,-116.25,110.06,-33.88,-116.25,-0.31,-0.79,0.26,0.47,0.0,0.06,-0.12,-100.94,0.06,-0.12,-100.94,0.64,0.77,0.0,-0.0
1.0,115.56,-36.56,-117.44,115.56,-36.56,-117.44,-0.29,-0.79,0.25,0.48,0.0,0.06,-0.12,-100.94,0.06,-0.12,-100.94,0.64,0.77,0.0,-0.0
1.0,122.12,-39.5,-119.06,122.12,-39.5,-119.06,-0.25,-0.79,0.25,0.5,0.0,0.06,-0.12,-100.94,0.06,-0.12,-100.94,0.64,0.77,0.0,-0.0
0.0,135.06,-45.19,-123.12,135.06,-45.19,-123.12,-0.19,-0.8,0.24,0.52,0.0,0.06,-0.12,-100.94,0.06,-0.12,-100.94,0.64,0.77,0.0,-0.0
0.0,146.56,-50.13,-127.87,146.56,-50.13,-127.87,-0.14,-0.8,0.24,0.53,0.0,0.06,-0.12,-100.94,0.06,-0.12,-100.94,0.64,0.77,0.0,-0.0
0.0,156.88,-53.25,-137.0,156.88,-53.25,-137.0,-0.09,-0.82,0.22,0.52,0.0,0.06,-0.12,-100.94,0.06,-0.12,-100.94,0.64,0.77,0.0,-0.0
0.0,171.19,-56.13,-149.38,171.19,-56.13,-149.38,-0.01,-0.84,0.21,0.51,0.0,0.06,-0.12,-100.94,0.06,-0.12,-100.94,0.64,0.77,0.0,-0.0
0.0,187.44,-58.81,-163.81,187.44,-58.81,-163.81,0.05,-0.84,0.19,0.5,0.0,0.06,-0.12,-100.94,0.06,-0.12,-100.94,0.64,0.77,0.0,-0.0
0.0,200.63,-59.38,-176.63,200.63,-59.38,-176.63,0.11,-0.85,0.18,0.48,0.0,0.06,-0.12,-100.94,0.06,-0.12,-100.94,0.64,0.77,0.0,-0.0
0.0,215.75,-58.63,168.75,215.75,-58.63,168.75,0.18,-0.85,0.16,0.46,0.0,0.06,-0.12,-100.94,0.06,-0.12,-100.94,0.64,0.77,0.0,-0.0
0.0,233.5,-55.88,153.0,233.5,-55.88,153.0,0.24,-0.85,0.14,0.44,0.0,0.06,-0.12,-100.94,0.06,-0.12,-100.94,0.64,0.77,0.0,-0.0
0.0,242.75,-53.13,145.5,242.75,-53.13,145.5,0.27,-0.86,0.12,0.42,0.0,0.06,-0.12,-100.94,0.06,-0.12,-100.94,0.64,0.77,0.0,-0.0
0.0,252.44,-49.44,138.44,252.44,-49.44,138.44,0.32,-0.85,0.09,0.4,0.0,0.06,-0.12,-100.94,0.06,-0.12,-100.94,0.64,0.77,0.0,-0.0
0.0,262.69,-46.19,130.19,262.69,-46.19,130.19,0.36,-0.85,0.07,0.39,0.0,0.06,-0.12,-100.94,0.06,-0.12,-100.94,0.64,0.77,0.0,-0.0
0.0,268.56,-43.25,127.56,268.56,-43.25,127.56,0.37,-0.85,0.06,0.36,0.0,0.06,-0.12,-100.94,0.06,-0.12,-100.94,0.64,0.77,0.0,-0.0
0.0,278.75,-37.88,127.5,278.75,-37.88,127.5,0.39,-0.86,0.06,0.31,0.0,0.06,-0.12,-100.94,0.06,-0.12,-100.94,0.64,0.77,0.0,-0.0
0.0,289.88,-32.31,127.81,289.88,-32.31,127.81,0.4,-0.87,0.06,0.27,0.0,0.06,-0.12,-100.94,0.06,-0.12,-100.94,0.64,0.77,0.0,-0.0
0.0,297.06,-29.37,128.0,297.06,-29.37,128.0,0.41,-0.87,0.07,0.24,0.0,0.06,-0.12,-100.94,0.06,-0.12,-100.94,0.64,0.77,0.0,-0.0
0.0,304.81,-26.75,126.31,304.81,-26.75,126.31,0.44,-0.87,0.07,0.21,0.0,0.06,-0.12,-100.94,0.06,-0.12,-100.94,0.64,0.77,0.0,-0.0
0.0,313.69,-23.31,125.06,313.69,-23.31,125.06,0.45,-0.87,0.07,0.18,0.0,0.06,-0.12,-100.94,0.06,-0.12,-100.94,0.64,0.77,0.0,-0.0
0.0,321.75,-19.56,125.94,321.75,-19.56,125.94,0.45,-0.88,0.07,0.14,0.0,0.06,-0.12,-100.94,0.06,-0.12,-100.94,0.64,0.77,0.0,-0.0
0.0,331.19,-15.38,125.69,331.19,-15.38,125.69,0.46,-0.88,0.07,0.1,0.0,0.06,-0.12,-100.94,0.06,-0.12,-100.94,0.64,0.77,0.0,-0.0
0.0,321.25,-12.25,125.44,321.25,-12.25,125.44,0.44,-0.88,-0.07,0.15,0.0,0.81,-0.12,-100.81,0.81,-0.12,-100.81,0.64,0.77,-0.0,-0.0
0.0,326.88,-9.94,125.94,326.88,-9.94,125.94,0.44,-0.89,-0.07,0.12,0.0,1.44,-0.19,-100.69,1.44,-0.19,-100.69,0.64,0.77,-0.01,-0.01
0.0,331.13,-7.94,125.62,331.13,-7.94,125.62,0.45,-0.88,-0.07,0.11,0.0,1.75,-0.25,-100.75,1.75,-0.25,-100.75,0.64,0.77,-0.01,-0.01
0.0,335.0,-6.19,124.87,335.0,-6.19,124.87,0.45,-0.88,-0.08,0.09,0.0,1.19,-0.12,-100.75,1.19,-0.12,-100.75,0.64,0.77,-0.01,-0.01
0.0,340.44,-4.0,124.69,340.44,-4.0,124.69,0.46,-0.88,-0.07,0.07,0.0,1.12,-0.12,-100.75,1.12,-0.12,-100.75,0.64,0.77,-0.01,-0.01
0.0,346.31,-1.88,123.56,346.31,-1.88,123.56,0.47,-0.88,-0.07,0.05,0.0,1.25,-0.12,-100.75,1.25,-0.12,-100.75,0.64,0.77,-0.01,-0.01
0.0,351.31,-0.19,123.56,351.31,-0.19,123.56,0.47,-0.88,-0.06,0.03,0.0,1.81,-0.12,-100.81,1.81,-0.12,-100.81,0.64,0.77,-0.01,-0.01
0.0,357.19,1.37,123.75,357.19,1.37,123.75,0.47,-0.88,-0.04,0.0,0.0,1.12,-0.12,-100.5,1.12,-0.12,-100.5,0.64,0.77,-0.01,-0.01
1.0,6.06,4.25,122.31,6.06,4.25,122.31,0.48,-0.87,-0.03,-0.04,0.0,0.56,-0.12,-100.94,0.56,-0.12,-100.94,0.64,0.77,-0.0,-0.0
1.0,13.5,7.0,122.44,13.5,7.0,122.44,0.48,-0.88,-0.02,-0.06,0.0,0.75,-0.12,-102.81,0.75,-0.12,-102.81,0.62,0.78,-0.0,-0.0
1.0,16.44,8.31,123.06,16.44,8.31,123.06,0.47,-0.88,-0.03,-0.07,0.0,359.31,-0.12,-105.94,359.31,-0.12,-105.94,0.6,0.8,0.01,0.0
1.0,21.12,10.63,123.19,21.12,10.63,123.19,0.47,-0.88,-0.03,-0.1,0.0,357.44,0.0,-107.44,357.44,0.0,-107.44,0.59,0.81,0.02,0.02
1.0,28.44,14.25,123.0,28.44,14.25,123.0,0.47,-0.87,-0.04,-0.13,0.0,354.44,1.31,-108.44,354.44,1.31,-108.44,0.58,0.81,0.01,0.03
2.0,32.88,16.19,124.31,32.88,16.19,124.31,0.45,-0.88,-0.05,-0.14,0.0,351.06,3.94,-109.31,351.06,3.94,-109.31,0.57,0.82,0.0,0.05
2.0,36.0,17.44,126.56,36.0,17.44,126.56,0.43,-0.89,-0.05,-0.15,0.0,347.63,5.94,-111.0,347.63,5.94,-111.0,0.56,0.82,-0.01,0.07
2.0,42.13,19.44,129.13,42.13,19.44,129.13,0.41,-0.89,-0.06,-0.17,0.0,342.63,9.56,-108.75,342.63,9.56,-108.75,0.58,0.81,-0.02,0.09
3.0,48.06,21.5,131.69,48.06,21.5,131.69,0.39,-0.9,-0.06,-0.18,0.0,341.13,11.25,-107.5,341.13,11.25,-107.5,0.59,0.8,-0.04,0.1
3.0,52.5,22.19,135.13,52.5,22.19,135.13,0.36,-0.91,-0.06,-0.19,0.0,340.69,11.94,-108.87,340.69,11.94,-108.87,0.57,0.81,-0.05,0.1
3.0,57.94,23.31,138.06,57.94,23.31,138.06,0.34,-0.92,-0.06,-0.2,0.0,338.94,13.56,-111.31,338.94,13.56,-111.31,0.56,0.82,-0.06,0.1
3.0,172.44,24.69,141.38,172.44,24.69,141.38,0.31,-0.93,-0.06,-0.21,0.0,338.56,14.88,-110.56,338.56,14.88,-110.56,0.56,0.82,-0.07,0.11
3.0,172.94,25.25,145.56,172.94,25.25,145.56,0.27,-0.94,-0.06,-0.21,0.0,337.81,17.0,-108.5,337.81,17.0,-108.5,0.58,0.8,-0.1,0.11
3.0,173.38,25.94,150.19,173.38,25.94,150.19,0.24,-0.94,-0.05,-0.22,0.0,337.56,18.81,-107.06,337.56,18.81,-107.06,0.59,0.79,-0.12,0.12
3.0,173.94,27.0,155.88,173.94,27.0,155.88,0.18,-0.95,-0.05,-0.23,0.0,339.63,18.31,-105.62,339.63,18.31,-105.62,0.6,0.78,-0.12,0.11
3.0,174.94,27.62,162.5,174.94,27.62,162.5,0.13,-0.96,-0.04,-0.24,0.0,342.13,16.44,-104.56,342.13,16.44,-104.56,0.61,0.78,-0.11,0.1
3.0,175.75,28.25,169.56,175.75,28.25,169.56,0.07,-0.97,-0.03,-0.24,0.0,341.63,17.0,-103.5,341.63,17.0,-103.5,0.61,0.77,-0.11,0.1
3.0,177.06,28.5,176.81,177.06,28.5,176.81,0.01,-0.97,-0.02,-0.25,0.0,340.81,18.06,-102.19,340.81,18.06,-102.19,0.62,0.77,-0.12,0.11
3.0,177.13,28.37,-177.0,177.13,28.37,-177.0,-0.04,-0.97,-0.02,-0.25,0.0,339.44,19.94,-99.69,339.44,19.94,-99.69,0.64,0.75,-0.13,0.12
3.0,177.06,28.25,-169.94,177.06,28.25,-169.94,-0.09,-0.96,-0.02,-0.25,0.0,336.88,22.81,-97.56,336.88,22.81,-97.56,0.65,0.73,-0.15,0.13
3.0,176.75,27.19,-164.0,176.75,27.19,-164.0,-0.13,-0.96,-0.03,-0.24,0.0,335.56,24.69,-96.5,335.56,24.69,-96.5,0.65,0.72,-0.16,0.14
3.0,176.75,25.87,-159.13,176.75,25.87,-159.13,-0.18,-0.96,-0.02,-0.23,0.0,334.0,26.94,-95.06,334.0,26.94,-95.06,0.66,0.71,-0.18,0.15
3.0,177.69,25.12,-151.5,177.69,25.12,-151.5,-0.22,-0.95,-0.02,-0.23,0.0,331.5,29.75,-92.12,331.5,29.75,-92.12,0.67,0.69,-0.19,0.17
2.0,177.75,24.31,-148.94,177.75,24.31,-148.94,-0.25,-0.94,-0.01,-0.22,0.0,329.19,32.06,-90.44,329.19,32.06,-90.44,0.68,0.67,-0.21,0.19
2.0,178.38,23.06,-145.94,178.38,23.06,-145.94,-0.28,-0.94,-0.01,-0.21,0.0,326.06,34.81,-87.37,326.06,34.81,-87.37,0.69,0.66,-0.21,0.21
2.0,178.94,22.62,-141.31,178.94,22.62,-141.31,-0.32,-0.92,-0.01,-0.21,0.0,324.25,36.25,-85.12,324.25,36.25,-85.12,0.7,0.64,-0.22,0.23
2.0,298.44,21.69,-137.44,298.44,21.69,-137.44,-0.35,-0.92,-0.0,-0.2,0.0,322.0,38.13,-81.75,322.0,38.13,-81.75,0.71,0.62,-0.22,0.25
2.0,306.88,19.69,-134.63,306.88,19.69,-134.63,-0.37,-0.91,0.0,-0.18,0.0,321.06,38.81,-78.06,321.06,38.81,-78.06,0.72,0.61,-0.22,0.25
2.0,309.06,19.75,-133.0,309.06,19.75,-133.0,-0.39,-0.9,0.02,-0.18,0.0,320.44,39.19,-76.25,320.44,39.19,-76.25,0.73,0.6,-0.22,0.26
2.0,311.0,20.81,-130.63,311.0,20.81,-130.63,-0.41,-0.89,0.04,-0.18,0.0,319.38,39.56,-74.12,319.38,39.56,-74.12,0.73,0.59,-0.22,0.27
2.0,313.5,21.5,-129.44,313.5,21.5,-129.44,-0.42,-0.89,0.07,-0.17,0.0,317.69,40.38,-72.69,317.69,40.38,-72.69,0.73,0.58,-0.22,0.29
2.0,317.88,20.69,-128.56,317.88,20.69,-128.56,-0.43,-0.88,0.08,-0.16,0.0,316.5,40.44,-72.12,316.5,40.44,-72.12,0.73,0.58,-0.21,0.29
2.0,322.88,20.31,-127.56,322.88,20.31,-127.56,-0.44,-0.88,0.11,-0.14,0.0,317.25,38.25,-72.37,317.25,38.25,-72.37,0.74,0.59,-0.19,0.29
2.0,325.38,20.0,-127.56,325.38,20.0,-127.56,-0.44,-0.88,0.12,-0.14,0.0,317.69,36.75,-70.87,317.69,36.75,-70.87,0.74,0.58,-0.18,0.29
2.0,325.81,20.37,-126.87,325.81,20.37,-126.87,-0.45,-0.87,0.13,-0.14,0.0,317.0,36.38,-68.62,317.0,36.38,-68.62,0.75,0.56,-0.17,0.3
2.0,328.31,20.44,-126.0,328.31,20.44,-126.0,-0.46,-0.87,0.14,-0.12,0.0,316.63,35.5,-66.37,316.63,35.5,-66.37,0.76,0.55,-0.16,0.3
2.0,332.38,19.44,-125.69,332.38,19.44,-125.69,-0.46,-0.87,0.15,-0.11,0.0,316.75,33.38,-64.5,316.75,33.38,-64.5,0.77,0.55,-0.13,0.3
2.0,335.0,18.81,-125.37,335.0,18.81,-125.37,-0.46,-0.87,0.16,-0.1,0.0,318.19,29.37,-62.75,318.19,29.37,-62.75,0.79,0.53,-0.1,0.3
2.0,336.63,18.44,-125.31,336.63,18.44,-125.31,-0.47,-0.86,0.17,-0.09,0.0,317.19,26.81,-60.0,317.19,26.81,-60.0,0.79,0.51,-0.07,0.32
2.0,342.69,17.19,-124.37,342.69,17.19,-124.37,-0.48,-0.86,0.19,-0.06,0.0,315.88,24.06,-57.25,315.88,24.06,-57.25,0.81,0.49,-0.04,0.33
2.0,348.31,15.63,-123.56,348.31,15.63,-123.56,-0.48,-0.85,0.19,-0.04,0.0,314.5,20.94,-54.0,314.5,20.94,-54.0,0.81,0.47,-0.01,0.35
2.0,350.63,14.63,-123.75,350.63,14.63,-123.75,-0.48,-0.86,0.19,-0.04,0.0,312.94,17.37,-50.81,312.94,17.37,-50.81,0.82,0.43,0.02,0.36
2.0,353.75,13.44,-123.81,353.75,13.44,-123.81,-0.48,-0.85,0.2,-0.02,0.0,310.56,13.13,-48.0,310.56,13.13,-48.0,0.82,0.41,0.07,0.39
2.0,359.31,11.69,-122.44,359.31,11.69,-122.44,-0.49,-0.85,0.21,0.0,0.0,304.5,10.31,-45.81,304.5,10.31,-45.81,0.81,0.37,0.1,0.44
2.0,3.44,9.81,-122.37,3.44,9.81,-122.37,-0.48,-0.85,0.2,0.02,0.0,302.13,6.81,-42.56,302.13,6.81,-42.56,0.82,0.33,0.13,0.45
2.0,5.38,8.63,-122.69,5.38,8.63,-122.69,-0.48,-0.85,0.2,0.03,0.0,303.88,2.31,-39.56,303.88,2.31,-39.56,0.83,0.3,0.15,0.44
2.0,8.44,7.5,-122.25,8.44,7.5,-122.25,-0.49,-0.85,0.2,0.04,0.0,301.69,-1.19,-38.25,301.69,-1.19,-38.25,0.82,0.27,0.18,0.47
2.0,11.69,6.25,-121.62,11.69,6.25,-121.62,-0.49,-0.85,0.2,0.05,0.0,298.75,-4.94,-37.56,298.75,-4.94,-37.56,0.81,0.24,0.21,0.49
2.0,13.5,5.38,-121.69,13.5,5.38,-121.69,-0.48,-0.85,0.2,0.06,0.0,296.5,-8.56,-36.94,296.5,-8.56,-36.94,0.8,0.22,0.24,0.5
2.0,15.06,4.81,-121.69,15.06,4.81,-121.69,-0.48,-0.85,0.2,0.07,0.0,292.94,-12.06,-37.44,292.94,-12.06,-37.44,0.78,0.19,0.28,0.53
2.0,16.25,4.56,-121.31,16.25,4.56,-121.31,-0.49,-0.85,0.2,0.07,0.0,288.94,-15.44,-37.5,288.94,-15.44,-37.5,0.76,0.17,0.3,0.55
2.0,16.44,4.31,-121.5,16.44,4.31,-121.5,-0.48,-0.85,0.2,0.07,0.0,284.88,-18.75,-38.13,284.88,-18.75,-38.13,0.73,0.14,0.34,0.58
2.0,16.56,4.13,-121.81,16.56,4.13,-121.81,-0.48,-0.85,0.2,0.07,0.0,277.75,-21.12,-41.31,277.75,-21.12,-41.31,0.68,0.11,0.38,0.62
2.0,16.94,4.06,-121.94,16.94,4.06,-121.94,-0.48,-0.85,0.2,0.07,0.0,271.31,-23.5,-43.44,271.31,-23.5,-43.44,0.65,0.09,0.4,0.64
2.0,17.19,3.94,-122.44,17.19,3.94,-122.44,-0.47,-0.85,0.2,0.07,0.0,269.19,-26.25,-43.56,269.19,-26.25,-43.56,0.64,0.07,0.41,0.65
2.0,17.06,4.06,-123.31,17.06,4.06,-123.31,-0.47,-0.86,0.2,0.07,0.0,267.88,-29.94,-43.06,267.88,-29.94,-43.06,0.63,0.03,0.43,0.65
2.0,15.94,4.56,-124.5,15.94,4.56,-124.5,-0.46,-0.86,0.21,0.06,0.0,262.0,-32.81,-46.06,262.0,-32.81,-46.06,0.58,-0.01,0.46,0.67
2.0,14.81,5.06,-125.5,14.81,5.06,-125.5,-0.45,-0.87,0.21,0.06,0.0,256.88,-35.5,-50.81,256.88,-35.5,-50.81,0.54,-0.04,0.49,0.68
2.0,14.44,5.0,-126.94,14.44,5.0,-126.94,-0.44,-0.87,0.21,0.06,0.0,252.44,-38.56,-52.75,252.44,-38.56,-52.75,0.51,-0.08,0.51,0.69
3.0,14.19,5.0,-128.06,14.19,5.0,-128.06,-0.43,-0.88,0.21,0.05,0.0,247.94,-41.5,-56.63,247.94,-41.5,-56.63,0.47,-0.12,0.53,0.7
3.0,14.0,4.94,-129.81,14.0,4.94,-129.81,-0.42,-0.88,0.21,0.05,0.0,244.25,-43.19,-64.25,244.25,-43.19,-64.25,0.43,-0.14,0.57,0.69
3.0,13.88,4.75,-131.88,13.88,4.75,-131.88,-0.4,-0.89,0.21,0.05,0.0,240.25,-44.31,-70.62,240.25,-44.31,-70.62,0.39,-0.17,0.59,0.68
3.0,14.38,4.38,-133.38,14.38,4.38,-133.38,-0.39,-0.9,0.21,0.05,0.0,234.19,-44.0,-77.06,234.19,-44.0,-77.06,0.35,-0.2,0.62,0.68
3.0,14.69,4.0,-134.63,14.69,4.0,-134.63,-0.38,-0.9,0.21,0.05,0.0,230.31,-43.75,-84.19,230.31,-43.75,-84.19,0.31,-0.22,0.64,0.66
3.0,205.31,3.31,-136.25,205.31,3.31,-136.25,-0.37,-0.91,0.2,0.05,0.0,227.13,-43.44,-90.44,227.13,-43.44,-90.44,0.28,-0.24,0.67,0.65
3.0,204.75,2.38,-137.31,204.75,2.38,-137.31,-0.36,-0.91,0.2,0.06,0.0,223.0,-42.63,-95.5,223.0,-42.63,-95.5,0.25,-0.27,0.68,0.63
3.0,203.69,1.44,-138.75,203.69,1.44,-138.75,-0.34,-0.92,0.19,0.06,0.0,190.06,-40.75,-100.44,190.06,-40.75,-100.44,0.06,-0.45,0.61,0.65
3.0,203.38,1.06,-140.25,203.38,1.06,-140.25,-0.33,-0.92,0.19,0.06,0.0,186.88,-39.38,-105.37,186.88,-39.38,-105.37,0.03,-0.47,0.62,0.62
3.0,203.13,0.5,-141.63,203.13,0.5,-141.63,-0.32,-0.93,0.19,0.06,0.0,182.5,-37.13,-109.5,182.5,-37.13,-109.5,0.01,-0.48,0.63,0.61
3.0,202.63,-0.06,-143.19,202.63,-0.06,-143.19,-0.3,-0.93,0.18,0.06,0.0,179.31,-35.19,-113.94,179.31,-35.19,-113.94,-0.01,-0.51,0.65,0.57
3.0,201.94,-0.56,-144.63,201.94,-0.56,-144.63,-0.29,-0.94,0.18,0.06,0.0,175.75,-33.13,-118.06,175.75,-33.13,-118.06,-0.03,-0.53,0.66,0.54
3.0,201.25,-1.25,-145.69,201.25,-1.25,-145.69,-0.28,-0.94,0.17,0.07,0.0,171.81,-30.19,-122.87,171.81,-30.19,-122.87,-0.04,-0.54,0.67,0.5
3.0,200.69,-1.88,-147.0,200.69,-1.88,-147.0,-0.27,-0.94,0.17,0.07,0.0,168.56,-27.94,-126.62,168.56,-27.94,-126.62,-0.05,-0.56,0.68,0.48
3.0,199.63,-3.0,-148.75,199.63,-3.0,-148.75,-0.26,-0.95,0.16,0.07,0.0,165.94,-26.25,-129.81,165.94,-26.25,-129.81,-0.06,-0.57,0.68,0.45
3.0,198.63,-4.25,-149.94,198.63,-4.25,-149.94,-0.25,-0.95,0.16,0.08,0.0,162.44,-23.81,-133.06,162.44,-23.81,-133.06,-0.07,-0.58,0.69,0.43
3.0,198.13,-5.06,-150.5,198.13,-5.06,-150.5,-0.24,-0.96,0.15,0.09,0.0,159.75,-21.94,-136.0,159.75,-21.94,-136.0,-0.07,-0.59,0.7,0.39
3.0,197.06,-6.5,-151.75,197.06,-6.5,-151.75,-0.23,-0.96,0.14,0.09,0.0,157.56,-20.56,-138.5,157.56,-20.56,-138.5,-0.08,-0.6,0.7,0.38
3.0,196.44,-7.44,-152.63,196.44,-7.44,-152.63,-0.22,-0.96,0.14,0.1,0.0,277.56,-19.37,-142.38,277.56,-19.37,-142.38,-0.07,-0.62,0.71,0.34
3.0,196.13,-7.94,-153.38,196.13,-7.94,-153.38,-0.22,-0.96,0.14,0.1,1.0,277.19,-17.56,-146.56,277.19,-17.56,-146.56,-0.06,-0.63,0.71,0.31
3.0,196.0,-8.5,-154.25,196.0,-8.5,-154.25,-0.21,-0.96,0.14,0.11,1.0,276.19,-16.44,-150.38,276.19,-16.44,-150.38,-0.05,-0.64,0.71,0.28
3.0,196.0,-8.94,-154.75,196.0,-8.94,-154.75,-0.2,-0.96,0.14,0.11,2.0,275.63,-15.19,-152.69,275.63,-15.19,-152.69,-0.05,-0.65,0.71,0.26
3.0,195.94,-9.63,-155.5,195.94,-9.63,-155.5,-0.2,-0.96,0.14,0.11,2.0,274.25,-14.44,-155.13,274.25,-14.44,-155.13,-0.05,-0.66,0.71,0.24
3.0,195.69,-10.13,-156.13,195.69,-10.13,-156.13,-0.19,-0.97,0.13,0.12,2.0,273.75,-13.38,-157.31,273.75,-13.38,-157.31,-0.04,-0.67,0.71,0.22
3.0,195.56,-10.31,-156.56,195.56,-10.31,-156.56,-0.19,-0.97,0.13,0.12,3.0,272.25,-13.0,-160.88,272.25,-13.0,-160.88,-0.03,-0.68,0.71,0.2
3.0,195.31,-10.5,-157.0,195.31,-10.5,-157.0,-0.18,-0.97,0.13,0.12,3.0,271.25,-12.13,-165.5,271.25,-12.13,-165.5,-0.01,-0.69,0.71,0.16
3.0,195.19,-10.69,-157.25,195.19,-10.69,-157.25,-0.18,-0.97,0.13,0.12,3.0,270.19,-11.38,-169.5,270.19,-11.38,-169.5,0.01,-0.7,0.7,0.13
3.0,195.06,-11.06,-157.44,195.06,-11.06,-157.44,-0.18,-0.97,0.13,0.12,3.0,268.88,-11.13,-173.31,268.88,-11.13,-173.31,0.03,-0.71,0.7,0.11
3.0,194.69,-11.25,-157.56,194.69,-11.25,-157.56,-0.18,-0.97,0.12,0.12,3.0,268.56,-10.63,-176.63,268.56,-10.63,-176.63,0.04,-0.71,0.7,0.09
3.0,194.31,-11.38,-157.88,194.31,-11.38,-157.88,-0.17,-0.97,0.12,0.12,3.0,267.06,-11.13,-178.44,267.06,-11.13,-178.44,0.06,-0.72,0.69,0.08
3.0,194.06,-11.44,-158.25,194.06,-11.44,-158.25,-0.17,-0.97,0.12,0.12,3.0,266.13,-11.69,179.19,266.13,-11.69,179.19,0.07,-0.73,0.68,0.07
3.0,194.06,-11.5,-158.25,194.06,-11.5,-158.25,-0.17,-0.97,0.12,0.12,3.0,265.19,-12.06,176.63,265.19,-12.06,176.63,0.09,-0.73,0.67,0.06
3.0,194.0,-11.75,-158.13,194.0,-11.75,-158.13,-0.17,-0.97,0.12,0.13,3.0,264.19,-12.44,173.88,264.19,-12.44,173.88,0.11,-0.74,0.67,0.05
3.0,194.13,-11.88,-158.0,194.13,-11.88,-158.0,-0.17,-0.97,0.12,0.13,3.0,263.13,-12.94,171.19,263.13,-12.94,171.19,0.13,-0.74,0.66,0.04
3.0,194.06,-11.88,-157.94,194.06,-11.88,-157.94,-0.17,-0.97,0.12,0.13,3.0,262.13,-13.31,169.75,262.13,-13.31,169.75,0.15,-0.75,0.65,0.03
3.0,194.13,-12.13,-158.0,194.13,-12.13,-158.0,-0.17,-0.97,0.12,0.13,3.0,260.19,-13.81,166.94,260.19,-13.81,166.94,0.16,-0.75,0.64,0.02
3.0,193.81,-12.31,-158.06,193.81,-12.31,-158.06,-0.17,-0.97,0.12,0.13,3.0,258.75,-14.06,165.44,258.75,-14.06,165.44,0.17,-0.76,0.62,0.02
3.0,193.75,-12.44,-158.19,193.75,-12.44,-158.19,-0.17,-0.97,0.12,0.13,3.0,256.56,-14.38,163.63,256.56,-14.38,163.63,0.19,-0.77,0.61,0.01
3.0,193.75,-12.63,-158.31,193.75,-12.63,-158.31,-0.17,-0.97,0.12,0.13,3.0,255.25,-14.0,160.63,255.25,-14.0,160.63,0.21,-0.78,0.6,-0.0
3.0,193.75,-12.75,-158.31,193.75,-12.75,-158.31,-0.17,-0.97,0.12,0.14,3.0,254.19,-13.75,158.75,254.19,-13.75,158.75,0.22,-0.78,0.58,-0.01
3.0,193.69,-12.81,-158.19,193.69,-12.81,-158.19,-0.17,-0.97,0.12,0.14,3.0,251.06,-14.0,156.5,251.06,-14.0,156.5,0.23,-0.79,0.57,-0.01
3.0,193.56,-12.94,-158.25,193.56,-12.94,-158.25,-0.17,-0.97,0.12,0.14,3.0,249.5,-14.38,155.94,249.5,-14.38,155.94,0.24,-0.8,0.55,-0.01
3.0,193.44,-12.88,-158.38,193.44,-12.88,-158.38,-0.17,-0.97,0.11,0.14,3.0,248.0,-14.94,155.31,248.0,-14.94,155.31,0.25,-0.81,0.54,-0.0
3.0,193.44,-12.94,-158.31,193.44,-12.94,-158.31,-0.17,-0.97,0.11,0.14,3.0,245.63,-16.0,154.56,245.63,-16.0,154.56,0.26,-0.81,0.52,0.0
3.0,193.44,-13.0,-158.38,193.44,-13.0,-158.38,-0.17,-0.97,0.11,0.14,3.0,243.5,-16.44,153.06,243.5,-16.44,153.06,0.28,-0.82,0.5,0.01
3.0,193.31,-13.06,-158.38,193.31,-13.06,-158.38,-0.17,-0.97,0.11,0.14,3.0,243.06,-18.12,149.94,243.06,-18.12,149.94,0.3,-0.81,0.5,0.01
3.0,193.25,-13.13,-158.31,193.25,-13.13,-158.31,-0.17,-0.97,0.11,0.14,3.0,242.69,-18.37,148.06,242.69,-18.37,148.06,0.32,-0.81,0.49,0.01
3.0,193.19,-13.19,-158.38,193.19,-13.19,-158.38,-0.17,-0.97,0.11,0.14,3.0,242.63,-19.94,146.94,242.63,-19.94,146.94,0.33,-0.81,0.49,0.02
3.0,193.06,-13.19,-158.31,193.06,-13.19,-158.31,-0.17,-0.97,0.11,0.14,3.0,241.06,-21.44,145.25,241.06,-21.44,145.25,0.35,-0.81,0.47,0.03
3.0,193.0,-13.25,-158.31,193.0,-13.25,-158.31,-0.17,-0.97,0.11,0.14,3.0,240.25,-22.31,142.69,240.25,-22.31,142.69,0.37,-0.8,0.46,0.02
3.0,192.94,-13.38,-158.31,192.94,-13.38,-158.31,-0.17,-0.97,0.11,0.14,3.0,239.69,-23.0,140.31,239.69,-23.0,140.31,0.39,-0.8,0.46,0.03
3.0,192.88,-13.38,-158.31,192.88,-13.38,-158.31,-0.17,-0.97,0.11,0.14,3.0,351.19,-23.81,138.0,351.19,-23.81,138.0,0.41,-0.8,0.44,0.03
3.0,192.81,-13.31,-158.38,192.81,-13.31,-158.38,-0.17,-0.97,0.11,0.14,3.0,353.81,-23.81,133.0,353.81,-23.81,133.0,0.44,-0.79,0.42,0.02
3.0,193.06,-13.44,-158.19,193.06,-13.44,-158.19,-0.17,-0.97,0.11,0.14,3.0,354.38,-24.87,130.0,354.38,-24.87,130.0,0.46,-0.78,0.42,0.02
3.0,193.25,-13.44,-158.13,193.25,-13.44,-158.13,-0.17,-0.97,0.11,0.14,3.0,351.19,-27.19,127.75,351.19,-27.19,127.75,0.48,-0.77,0.42,0.05
3.0,193.56,-13.31,-157.88,193.56,-13.31,-157.88,-0.17,-0.97,0.12,0.14,3.0,347.75,-28.5,123.0,347.75,-28.5,123.0,0.53,-0.76,0.38,0.05
3.0,193.75,-13.25,-157.75,193.75,-13.25,-157.75,-0.17,-0.97,0.12,0.14,3.0,350.56,-29.31,115.0,350.56,-29.31,115.0,0.57,-0.72,0.39,0.04
3.0,194.19,-13.19,-157.5,194.19,-13.19,-157.5,-0.18,-0.97,0.12,0.14,3.0,350.75,-33.94,111.12,350.75,-33.94,111.12,0.6,-0.68,0.43,0.06
3.0,194.5,-13.56,-156.94,194.5,-13.56,-156.94,-0.18,-0.97,0.12,0.14,3.0,345.31,-38.13,107.44,345.31,-38.13,107.44,0.62,-0.66,0.4,0.08
3.0,194.56,-14.38,-155.69,194.56,-14.38,-155.69,-0.19,-0.96,0.12,0.15,3.0,344.63,-38.69,100.12,344.63,-38.69,100.12,0.66,-0.62,0.4,0.09
3.0,194.06,-15.5,-154.44,194.06,-15.5,-154.44,-0.2,-0.96,0.12,0.16,3.0,342.31,-45.0,95.81,342.31,-45.0,95.81,0.68,-0.58,0.44,0.12
3.0,193.31,-16.31,-153.88,193.31,-16.31,-153.88,-0.2,-0.96,0.11,0.17,3.0,335.81,-50.19,92.25,335.81,-50.19,92.25,0.69,-0.56,0.43,0.15
3.0,191.94,-17.69,-153.38,191.94,-17.69,-153.38,-0.21,-0.96,0.1,0.18,3.0,334.44,-50.25,84.75,334.44,-50.25,84.75,0.71,-0.53,0.43,0.17
3.0,190.44,-19.06,-152.06,190.44,-19.06,-152.06,-0.22,-0.95,0.08,0.2,3.0,331.31,-56.06,78.87,331.31,-56.06,78.87,0.72,-0.48,0.46,0.2
3.0,188.0,-21.12,-151.25,188.0,-21.12,-151.25,-0.22,-0.95,0.05,0.21,3.0,325.06,-61.5,70.56,325.06,-61.5,70.56,0.73,-0.45,0.46,0.24
3.0,183.88,-23.87,-151.69,183.88,-23.87,-151.69,-0.22,-0.95,0.02,0.23,3.0,323.06,-61.44,61.56,323.06,-61.44,61.56,0.75,-0.42,0.45,0.26
3.0,179.94,-26.56,-150.81,179.94,-26.56,-150.81,-0.23,-0.94,-0.01,0.24,3.0,318.75,-66.06,48.44,318.75,-66.06,48.44,0.74,-0.36,0.48,0.3
3.0,177.75,-28.31,-149.38,177.75,-28.31,-149.38,-0.25,-0.94,-0.02,0.25,3.0,309.0,-70.37,24.94,309.0,-70.37,24.94,0.72,-0.32,0.49,0.37
3.0,175.44,-29.37,-148.69,175.44,-29.37,-148.69,-0.25,-0.93,-0.04,0.26,3.0,302.13,-68.75,4.5,302.13,-68.75,4.5,0.73,-0.27,0.49,0.4
3.0,172.88,-31.12,-148.13,172.88,-31.12,-148.13,-0.26,-0.92,-0.06,0.27,3.0,300.44,-65.94,-13.44,300.44,-65.94,-13.44,0.72,-0.2,0.51,0.42
3.0,91.19,-33.88,-146.25,91.19,-33.88,-146.25,-0.28,-0.91,-0.08,0.29,3.0,296.19,-60.81,-27.0,296.19,-60.81,-27.0,0.72,-0.15,0.5,0.46
3.0,90.94,-36.5,-144.38,90.94,-36.5,-144.38,-0.3,-0.9,-0.11,0.3,3.0,291.44,-54.13,-31.31,291.44,-54.13,-31.31,0.71,-0.1,0.48,0.5
3.0,86.5,-37.19,-140.44,86.5,-37.19,-140.44,-0.33,-0.89,-0.11,0.3,3.0,287.5,-48.19,-37.94,287.5,-48.19,-37.94,0.7,-0.04,0.49,0.53
3.0,84.31,-38.13,-137.94,84.31,-38.13,-137.94,-0.34,-0.88,-0.12,0.31,3.0,283.31,-41.69,-44.75,283.31,-41.69,-44.75,0.68,0.02,0.48,0.55
3.0,84.37,-39.56,-138.0,84.37,-39.56,-138.0,-0.34,-0.87,-0.15,0.31,3.0,280.88,-34.63,-46.13,280.88,-34.63,-46.13,0.68,0.07,0.45,0.57
3.0,83.75,-41.06,-138.63,83.75,-41.06,-138.63,-0.35,-0.87,-0.18,0.31,3.0,279.19,-28.56,-47.94,279.19,-28.56,-47.94,0.67,0.12,0.44,0.59
3.0,80.5,-41.38,-136.94,80.5,-41.38,-136.94,-0.36,-0.86,-0.19,0.31,3.0,274.94,-21.75,-51.69,274.94,-21.75,-51.69,0.65,0.18,0.43,0.6
3.0,80.56,-42.5,-137.56,80.56,-42.5,-137.56,-0.37,-0.85,-0.21,0.31,3.0,275.88,-16.87,-54.0,275.88,-16.87,-54.0,0.66,0.23,0.41,0.59
3.0,78.12,-42.38,-137.56,78.12,-42.38,-137.56,-0.37,-0.85,-0.23,0.3,3.0,276.13,-12.0,-55.0,276.13,-12.0,-55.0,0.66,0.27,0.38,0.59
3.0,75.25,-42.13,-138.56,75.25,-42.13,-138.56,-0.38,-0.85,-0.25,0.28,3.0,277.38,-8.44,-56.88,277.38,-8.44,-56.88,0.66,0.31,0.37,0.57
3.0,68.87,-40.13,-137.94,68.87,-40.13,-137.94,-0.38,-0.85,-0.27,0.25,3.0,277.38,-5.25,-58.81,277.38,-5.25,-58.81,0.65,0.34,0.36,0.58
3.0,64.44,-38.25,-139.06,64.44,-38.25,-139.06,-0.38,-0.85,-0.28,0.23,3.0,276.31,-1.88,-59.19,276.31,-1.88,-59.19,0.65,0.36,0.34,0.57
3.0,60.31,-36.38,-139.44,60.31,-36.38,-139.44,-0.38,-0.85,-0.29,0.21,3.0,280.06,-0.75,-60.63,280.06,-0.75,-60.63,0.66,0.38,0.33,0.55
3.0,53.13,-33.63,-139.44,53.13,-33.63,-139.44,-0.38,-0.85,-0.3,0.18,3.0,286.88,-0.63,-60.25,286.88,-0.63,-60.25,0.71,0.4,0.29,0.5
3.0,45.25,-30.56,-140.69,45.25,-30.56,-140.69,-0.37,-0.86,-0.32,0.14,3.0,295.13,-1.69,-56.88,295.13,-1.69,-56.88,0.74,0.39,0.27,0.47
3.0,35.31,-26.69,-141.38,35.31,-26.69,-141.38,-0.37,-0.86,-0.34,0.11,3.0,297.75,-0.63,-52.13,297.75,-0.63,-52.13,0.77,0.36,0.22,0.47
3.0,135.88,-23.31,-142.0,135.88,-23.31,-142.0,-0.36,-0.86,-0.35,0.07,2.0,297.5,1.5,-46.75,297.5,1.5,-46.75,0.79,0.34,0.18,0.47
3.0,135.56,-18.31,-141.75,135.56,-18.31,-141.75,-0.35,-0.87,-0.36,0.02,2.0,299.31,3.56,-41.06,299.31,3.56,-41.06,0.82,0.31,0.13,0.47
3.0,135.75,-13.13,-141.88,135.75,-13.13,-141.88,-0.34,-0.87,-0.35,-0.02,2.0,301.19,6.38,-33.44,301.19,6.38,-33.44,0.84,0.26,0.07,0.47
3.0,137.38,-7.69,-141.38,137.38,-7.69,-141.38,-0.33,-0.88,-0.34,-0.07,2.0,303.06,9.25,-26.75,303.06,9.25,-26.75,0.85,0.24,0.04,0.46
3.0,139.06,-2.25,-141.63,139.06,-2.25,-141.63,-0.31,-0.89,-0.33,-0.11,2.0,303.38,12.38,-20.56,303.38,12.38,-20.56,0.86,0.21,-0.01,0.46
3.0,140.06,3.0,-143.13,140.06,3.0,-143.13,-0.28,-0.89,-0.32,-0.14,2.0,303.56,14.94,-12.13,303.56,14.94,-12.13,0.87,0.15,-0.07,0.47
3.0,141.63,7.81,-144.75,141.63,7.81,-144.75,-0.25,-0.9,-0.3,-0.18,2.0,304.94,18.19,-2.69,304.94,18.19,-2.69,0.88,0.09,-0.13,0.46
3.0,144.0,13.25,-146.63,144.0,13.25,-146.63,-0.22,-0.91,-0.29,-0.21,2.0,306.38,20.62,3.25,306.38,20.62,3.25,0.88,0.06,-0.17,0.44
3.0,146.31,18.56,-148.94,146.31,18.56,-148.94,-0.19,-0.91,-0.26,-0.25,1.0,304.44,20.62,6.56,304.44,20.62,6.56,0.87,0.04,-0.18,0.46
3.0,151.81,24.19,-151.56,151.81,24.19,-151.56,-0.16,-0.92,-0.22,-0.27,1.0,301.38,19.75,12.13,301.38,19.75,12.13,0.85,-0.0,-0.2,0.48
3.0,156.0,29.25,-156.19,156.0,29.25,-156.19,-0.11,-0.93,-0.19,-0.3,1.0,299.88,20.12,18.5,299.88,20.12,18.5,0.84,-0.04,-0.23,0.49
3.0,159.25,34.06,-161.38,159.25,34.06,-161.38,-0.07,-0.93,-0.16,-0.33,1.0,298.63,19.81,23.31,298.63,19.81,23.31,0.83,-0.08,-0.25,0.49
3.0,164.13,38.5,-169.69,164.13,38.5,-169.69,-0.01,-0.93,-0.12,-0.34,1.0,295.38,16.94,28.56,295.38,16.94,28.56,0.81,-0.12,-0.26,0.51
3.0,169.75,41.19,-178.75,169.75,41.19,-178.75,0.04,-0.93,-0.06,-0.36,1.0,293.5,15.38,34.38,293.5,15.38,34.38,0.79,-0.16,-0.27,0.52
3.0,175.0,42.63,172.38,175.0,42.63,172.38,0.09,-0.93,-0.03,-0.36,1.0,290.94,12.75,39.63,290.94,12.75,39.63,0.77,-0.21,-0.29,0.53
3.0,141.69,42.94,162.75,141.69,42.94,162.75,0.15,-0.92,-0.02,-0.37,1.0,287.69,8.94,44.75,287.69,8.94,44.75,0.74,-0.25,-0.29,0.54
3.0,126.0,41.25,153.5,126.0,41.25,153.5,0.2,-0.91,0.01,-0.36,1.0,284.5,5.63,48.63,284.5,5.63,48.63,0.72,-0.29,-0.29,0.56
3.0,113.94,38.63,145.5,113.94,38.63,145.5,0.24,-0.9,0.05,-0.35,1.0,282.0,1.44,51.75,282.0,1.44,51.75,0.7,-0.33,-0.29,0.57
3.0,104.56,36.0,139.44,104.56,36.0,139.44,0.28,-0.89,0.07,-0.34,1.0,280.06,-1.06,54.19,280.06,-1.06,54.19,0.67,-0.37,-0.29,0.57
3.0,95.19,33.38,134.0,95.19,33.38,134.0,0.32,-0.88,0.08,-0.34,1.0,277.44,-4.81,58.88,277.44,-4.81,58.88,0.65,-0.4,-0.29,0.57
3.0,87.5,30.81,129.75,87.5,30.81,129.75,0.35,-0.87,0.09,-0.32,1.0,275.75,-7.25,60.63,275.75,-7.25,60.63,0.63,-0.43,-0.28,0.58
3.0,80.06,27.87,126.06,80.06,27.87,126.06,0.39,-0.86,0.11,-0.31,1.0,273.75,-10.19,63.25,273.75,-10.19,63.25,0.61,-0.46,-0.28,0.58
3.0,72.37,24.37,122.69,72.37,24.37,122.69,0.42,-0.85,0.12,-0.29,1.0,272.19,-12.5,66.06,272.19,-12.5,66.06,0.6,-0.48,-0.28,0.58
3.0,65.37,21.37,118.75,65.37,21.37,118.75,0.45,-0.84,0.13,-0.28,1.0,271.06,-14.75,67.87,271.06,-14.75,67.87,0.58,-0.5,-0.27,0.58
3.0,57.81,17.94,115.44,57.81,17.94,115.44,0.49,-0.82,0.14,-0.25,1.0,269.0,-17.56,70.0,269.0,-17.56,70.0,0.57,-0.53,-0.26,0.58
3.0,50.19,14.06,112.37,50.19,14.06,112.37,0.52,-0.81,0.15,-0.23,1.0,268.75,-19.31,72.75,268.75,-19.31,72.75,0.55,-0.55,-0.26,0.57
3.0,44.0,10.63,109.37,44.0,10.63,109.37,0.55,-0.79,0.15,-0.21,1.0,267.69,-20.69,77.31,267.69,-20.69,77.31,0.53,-0.58,-0.27,0.55
3.0,37.94,7.13,106.37,37.94,7.13,106.37,0.58,-0.78,0.16,-0.19,1.0,266.44,-22.5,83.12,266.44,-22.5,83.12,0.5,-0.62,-0.28,0.54
3.0,32.5,3.88,103.44,32.5,3.88,103.44,0.6,-0.76,0.17,-0.17,1.0,264.63,-24.19,90.25,264.63,-24.19,90.25,0.47,-0.66,-0.28,0.51
3.0,27.62,1.06,100.56,27.62,1.06,100.56,0.63,-0.75,0.17,-0.14,1.0,262.94,-25.81,95.69,262.94,-25.81,95.69,0.44,-0.69,-0.28,0.5
3.0,22.69,-1.94,98.06,22.69,-1.94,98.06,0.65,-0.73,0.18,-0.12,1.0,261.88,-27.69,97.75,261.88,-27.69,97.75,0.43,-0.7,-0.26,0.5
3.0,19.19,-4.44,95.81,19.19,-4.44,95.81,0.67,-0.71,0.18,-0.11,1.0,259.75,-30.12,99.56,259.75,-30.12,99.56,0.41,-0.72,-0.25,0.5
3.0,16.31,-6.5,93.5,16.31,-6.5,93.5,0.68,-0.7,0.19,-0.09,1.0,258.13,-32.56,101.81,258.13,-32.56,101.81,0.4,-0.73,-0.23,0.5
3.0,13.5,-8.5,91.44,13.5,-8.5,91.44,0.7,-0.69,0.19,-0.08,1.0,257.25,-34.56,104.31,257.25,-34.56,104.31,0.39,-0.75,-0.21,0.49
3.0,11.44,-9.94,89.62,11.44,-9.94,89.62,0.71,-0.67,0.19,-0.07,2.0,256.38,-36.25,107.56,256.38,-36.25,107.56,0.38,-0.77,-0.19,0.48
3.0,8.63,-11.19,87.0,8.63,-11.19,87.0,0.73,-0.66,0.18,-0.05,2.0,256.0,-38.0,110.5,256.0,-38.0,110.5,0.37,-0.79,-0.16,0.47
3.0,7.0,-11.56,83.81,7.0,-11.56,83.81,0.75,-0.64,0.17,-0.04,2.0,255.25,-39.56,113.06,255.25,-39.56,113.06,0.36,-0.8,-0.14,0.47
3.0,5.81,-11.19,80.5,5.81,-11.19,80.5,0.77,-0.62,0.16,-0.04,2.0,254.5,-41.0,115.75,254.5,-41.0,115.75,0.35,-0.81,-0.12,0.46
3.0,5.44,-10.44,77.0,5.44,-10.44,77.0,0.79,-0.6,0.14,-0.04,2.0,253.88,-42.0,118.87,253.88,-42.0,118.87,0.34,-0.82,-0.09,0.45
3.0,5.25,-9.44,73.31,5.25,-9.44,73.31,0.81,-0.58,0.13,-0.03,2.0,253.81,-42.81,122.81,253.81,-42.81,122.81,0.33,-0.84,-0.07,0.43
3.0,3.88,-9.06,70.44,3.88,-9.06,70.44,0.82,-0.56,0.11,-0.03,2.0,253.5,-43.56,127.0,253.5,-43.56,127.0,0.31,-0.85,-0.04,0.42
3.0,3.38,-8.06,67.44,3.38,-8.06,67.44,0.83,-0.54,0.1,-0.02,2.0,252.06,-44.25,131.13,252.06,-44.25,131.13,0.3,-0.86,-0.02,0.41
3.0,2.31,-8.0,64.69,2.31,-8.0,64.69,0.85,-0.52,0.09,-0.02,2.0,250.88,-44.75,134.88,250.88,-44.75,134.88,0.29,-0.87,0.01,0.4
3.0,2.31,-6.44,61.88,2.31,-6.44,61.88,0.86,-0.51,0.08,-0.02,2.0,249.81,-44.75,138.69,249.81,-44.75,138.69,0.28,-0.88,0.02,0.4
3.0,1.12,-4.81,58.63,1.12,-4.81,58.63,0.88,-0.48,0.05,-0.01,2.0,249.19,-44.5,142.69,249.19,-44.5,142.69,0.26,-0.89,0.06,0.38
3.0,0.31,-4.44,55.56,0.31,-4.44,55.56,0.88,-0.47,0.05,-0.0,2.0,249.0,-44.13,145.88,249.0,-44.13,145.88,0.26,-0.89,0.07,0.37
3.0,359.19,-4.0,52.31,359.19,-4.0,52.31,0.9,-0.44,0.04,0.01,2.0,248.69,-43.44,148.81,248.69,-43.44,148.81,0.25,-0.9,0.09,0.36
3.0,357.06,-3.38,49.0,357.06,-3.38,49.0,0.91,-0.42,0.02,0.02,3.0,248.38,-42.69,151.56,248.38,-42.69,151.56,0.24,-0.9,0.11,0.35
3.0,355.81,-3.25,46.56,355.81,-3.25,46.56,0.92,-0.4,0.02,0.03,3.0,248.0,-42.0,153.88,248.0,-42.0,153.88,0.23,-0.9,0.13,0.34
3.0,354.75,-3.44,43.94,354.75,-3.44,43.94,0.93,-0.38,0.02,0.04,3.0,247.56,-41.5,155.63,247.56,-41.5,155.63,0.22,-0.91,0.14,0.33
3.0,352.38,-3.38,41.44,352.38,-3.38,41.44,0.93,-0.36,0.01,0.06,3.0,247.38,-40.94,156.63,247.38,-40.94,156.63,0.21,-0.91,0.15,0.32
3.0,350.75,-3.94,39.69,350.75,-3.94,39.69,0.94,-0.34,0.01,0.08,3.0,200.0,-39.13,158.69,200.0,-39.13,158.69,0.21,-0.92,0.17,0.3
2.0,349.81,-4.63,38.81,349.81,-4.63,38.81,0.94,-0.33,0.01,0.08,3.0,201.5,-37.69,159.81,201.5,-37.69,159.81,0.2,-0.92,0.18,0.29
2.0,348.56,-5.38,38.56,348.56,-5.38,38.56,0.94,-0.33,0.02,0.1,3.0,203.13,-37.25,161.56,203.13,-37.25,161.56,0.19,-0.92,0.19,0.29
2.0,347.56,-4.88,36.06,347.56,-4.88,36.06,0.95,-0.31,0.01,0.1,3.0,203.69,-37.0,162.63,203.69,-37.0,162.63,0.19,-0.92,0.19,0.29
2.0,346.94,-4.75,34.56,346.94,-4.75,34.56,0.95,-0.3,0.01,0.11,3.0,204.56,-35.75,163.19,204.56,-35.75,163.19,0.19,-0.92,0.2,0.27
2.0,345.69,-4.75,33.63,345.69,-4.75,33.63,0.95,-0.29,0.0,0.12,3.0,205.81,-34.31,163.88,205.81,-34.31,163.88,0.18,-0.92,0.21,0.26
2.0,343.38,-3.75,31.81,343.38,-3.75,31.81,0.95,-0.27,-0.01,0.14,3.0,206.38,-33.94,164.38,206.38,-33.94,164.38,0.18,-0.92,0.22,0.26
2.0,342.0,-3.13,30.44,342.0,-3.13,30.44,0.95,-0.26,-0.02,0.16,3.0,207.0,-33.94,164.88,207.0,-33.94,164.88,0.18,-0.92,0.22,0.26
2.0,339.5,-2.38,29.37,339.5,-2.38,29.37,0.95,-0.25,-0.03,0.18,3.0,207.56,-33.69,165.31,207.56,-33.69,165.31,0.18,-0.92,0.23,0.26
2.0,337.38,-1.06,28.0,337.38,-1.06,28.0,0.95,-0.24,-0.04,0.2,3.0,208.25,-33.38,165.75,208.25,-33.38,165.75,0.17,-0.92,0.23,0.25
2.0,333.56,0.37,26.62,333.56,0.37,26.62,0.95,-0.21,-0.06,0.23,3.0,209.0,-33.19,166.5,209.0,-33.19,166.5,0.17,-0.92,0.24,0.25
2.0,330.88,2.31,24.62,330.88,2.31,24.62,0.94,-0.2,-0.08,0.25,3.0,209.44,-32.94,167.06,209.44,-32.94,167.06,0.17,-0.92,0.24,0.25
2.0,329.63,3.0,23.94,329.63,3.0,23.94,0.94,-0.19,-0.08,0.26,3.0,209.63,-32.31,166.88,209.63,-32.31,166.88,0.17,-0.92,0.25,0.24
2.0,327.75,4.13,23.12,327.75,4.13,23.12,0.94,-0.18,-0.09,0.28,3.0,210.0,-31.25,166.19,210.0,-31.25,166.19,0.18,-0.92,0.25,0.23
2.0,326.5,5.5,22.12,326.5,5.5,22.12,0.94,-0.17,-0.11,0.29,3.0,210.56,-30.19,165.19,210.56,-30.19,165.19,0.18,-0.92,0.25,0.22
2.0,324.5,6.56,22.19,324.5,6.56,22.19,0.93,-0.17,-0.12,0.3,3.0,210.81,-29.19,163.94,210.81,-29.19,163.94,0.19,-0.92,0.26,0.21
2.0,321.5,6.94,23.69,321.5,6.94,23.69,0.92,-0.17,-0.13,0.33,3.0,210.5,-28.25,162.19,210.5,-28.25,162.19,0.2,-0.92,0.25,0.2
2.0,320.06,9.38,25.94,320.06,9.38,25.94,0.91,-0.19,-0.17,0.33,3.0,209.69,-27.44,160.31,209.69,-27.44,160.31,0.21,-0.93,0.25,0.19
2.0,317.88,12.69,29.56,317.88,12.69,29.56,0.89,-0.2,-0.21,0.35,3.0,207.63,-26.81,157.44,207.63,-26.81,157.44,0.23,-0.93,0.23,0.19
2.0,314.44,13.88,33.0,314.44,13.88,33.0,0.87,-0.22,-0.23,0.38,3.0,205.38,-25.87,152.38,205.38,-25.87,152.38,0.26,-0.92,0.21,0.18
2.0,311.0,11.0,39.38,311.0,11.0,39.38,0.84,-0.29,-0.23,0.4,3.0,204.25,-25.06,147.0,204.25,-25.06,147.0,0.3,-0.92,0.2,0.17
2.0,304.13,5.0,49.44,304.13,5.0,49.44,0.78,-0.37,-0.24,0.44,3.0,203.38,-24.31,144.56,203.38,-24.31,144.56,0.33,-0.91,0.18,0.15
2.0,294.0,0.56,55.63,294.0,0.56,55.63,0.73,-0.39,-0.27,0.49,3.0,318.31,-22.44,139.0,318.31,-22.44,139.0,0.36,-0.9,0.18,0.14
2.0,288.56,-0.75,56.88,288.56,-0.75,56.88,0.7,-0.4,-0.27,0.52,3.0,326.25,-22.37,133.81,326.25,-22.37,133.81,0.41,-0.88,0.2,0.12
2.0,281.69,-6.56,61.88,281.69,-6.56,61.88,0.65,-0.46,-0.27,0.55,3.0,329.88,-23.44,128.19,329.88,-23.44,128.19,0.45,-0.86,0.21,0.12
2.0,275.88,-12.0,67.5,275.88,-12.0,67.5,0.6,-0.5,-0.27,0.56,3.0,332.56,-23.81,122.31,332.56,-23.81,122.31,0.49,-0.84,0.21,0.12
2.0,269.06,-16.06,70.37,269.06,-16.06,70.37,0.56,-0.52,-0.28,0.59,3.0,334.38,-24.37,119.37,334.38,-24.37,119.37,0.52,-0.81,0.23,0.12
2.0,263.5,-18.94,72.44,263.5,-18.94,72.44,0.52,-0.53,-0.29,0.6,3.0,334.81,-28.75,115.62,334.81,-28.75,115.62,0.54,-0.79,0.27,0.12
2.0,259.31,-22.0,75.37,259.31,-22.0,75.37,0.49,-0.56,-0.29,0.61,3.0,334.19,-32.06,111.69,334.19,-32.06,111.69,0.57,-0.76,0.29,0.13
2.0,253.56,-26.37,79.44,253.56,-26.37,79.44,0.44,-0.59,-0.29,0.61,3.0,332.69,-35.38,106.75,332.69,-35.38,106.75,0.6,-0.72,0.31,0.15
2.0,248.5,-30.25,84.5,248.5,-30.25,84.5,0.4,-0.62,-0.29,0.61,3.0,331.44,-38.31,102.25,331.44,-38.31,102.25,0.63,-0.69,0.32,0.16
2.0,245.56,-32.13,88.87,245.56,-32.13,88.87,0.38,-0.64,-0.3,0.59,3.0,331.06,-41.56,97.37,331.06,-41.56,97.37,0.65,-0.66,0.34,0.17
2.0,244.25,-33.0,94.94,244.25,-33.0,94.94,0.36,-0.67,-0.31,0.57,3.0,330.0,-45.44,91.62,330.0,-45.44,91.62,0.68,-0.62,0.36,0.18
2.0,241.31,-33.5,99.81,241.31,-33.5,99.81,0.32,-0.69,-0.33,0.56,3.0,327.56,-50.0,85.25,327.56,-50.0,85.25,0.7,-0.57,0.38,0.2
3.0,234.13,-37.13,105.69,234.13,-37.13,105.69,0.28,-0.72,-0.32,0.55,3.0,324.44,-54.88,77.44,324.44,-54.88,77.44,0.71,-0.52,0.41,0.23
3.0,239.13,-35.13,112.44,239.13,-35.13,112.44,0.29,-0.75,-0.32,0.5,3.0,322.5,-57.94,69.56,322.5,-57.94,69.56,0.73,-0.48,0.42,0.25
3.0,236.81,-35.63,115.37,236.81,-35.63,115.37,0.25,-0.76,-0.33,0.51,3.0,320.56,-61.5,59.81,320.56,-61.5,59.81,0.74,-0.43,0.44,0.27
3.0,224.13,-40.13,121.69,224.13,-40.13,121.69,0.19,-0.78,-0.33,0.5,3.0,318.06,-64.31,47.63,318.06,-64.31,47.63,0.75,-0.39,0.45,0.29
3.0,223.31,-38.69,130.25,223.31,-38.69,130.25,0.18,-0.81,-0.32,0.45,3.0,314.5,-67.06,31.0,314.5,-67.06,31.0,0.75,-0.33,0.47,0.32
3.0,224.69,-37.31,134.69,224.69,-37.31,134.69,0.17,-0.83,-0.31,0.43,3.0,308.88,-68.06,10.0,308.88,-68.06,10.0,0.75,-0.28,0.49,0.36
3.0,218.25,-39.19,137.81,218.25,-39.19,137.81,0.14,-0.84,-0.31,0.43,3.0,305.25,-66.44,-6.44,305.25,-66.44,-6.44,0.74,-0.23,0.5,0.38
3.0,213.94,-38.56,143.38,213.94,-38.56,143.38,0.12,-0.86,-0.3,0.4,3.0,301.44,-63.06,-18.75,301.44,-63.06,-18.75,0.74,-0.18,0.5,0.41
3.0,208.0,-38.13,150.19,208.0,-38.13,150.19,0.09,-0.87,-0.28,0.38,3.0,299.69,-59.19,-25.69,299.69,-59.19,-25.69,0.74,-0.14,0.5,0.43
3.0,199.0,-39.38,154.69,199.0,-39.38,154.69,0.06,-0.88,-0.28,0.38,3.0,297.31,-54.88,-32.0,297.31,-54.88,-32.0,0.74,-0.1,0.5,0.45
3.0,145.0,-40.19,159.69,145.0,-40.19,159.69,0.03,-0.88,-0.28,0.38,3.0,295.19,-51.13,-36.69,295.19,-51.13,-36.69,0.73,-0.06,0.5,0.46
3.0,146.25,-39.81,164.56,146.25,-39.81,164.56,-0.01,-0.9,-0.27,0.35,3.0,292.31,-46.81,-43.13,292.31,-46.81,-43.13,0.72,-0.01,0.5,0.48
3.0,149.25,-37.5,175.88,149.25,-37.5,175.88,-0.06,-0.91,-0.25,0.32,3.0,289.5,-42.06,-45.69,289.5,-42.06,-45.69,0.71,0.03,0.49,0.5
3.0,150.81,-36.38,-178.19,150.81,-36.38,-178.19,-0.11,-0.92,-0.23,0.29,3.0,289.69,-38.88,-45.69,289.69,-38.88,-45.69,0.72,0.05,0.47,0.51
3.0,152.19,-34.44,-170.25,152.19,-34.44,-170.25,-0.14,-0.92,-0.23,0.27,3.0,288.06,-35.5,-49.06,288.06,-35.5,-49.06,0.71,0.09,0.47,0.51
3.0,152.88,-32.06,-164.81,152.88,-32.06,-164.81,-0.18,-0.93,-0.22,0.24,3.0,286.81,-31.94,-50.5,286.81,-31.94,-50.5,0.7,0.12,0.46,0.52
3.0,152.81,-28.31,-160.5,152.81,-28.31,-160.5,-0.21,-0.93,-0.22,0.21,3.0,287.0,-28.87,-51.0,287.0,-28.87,-51.0,0.71,0.15,0.45,0.52
3.0,152.69,-24.31,-156.25,152.69,-24.31,-156.25,-0.24,-0.93,-0.23,0.16,3.0,286.19,-26.25,-52.06,286.19,-26.25,-52.06,0.7,0.17,0.44,0.53
3.0,153.31,-22.19,-152.81,153.31,-22.19,-152.81,-0.26,-0.93,-0.22,0.14,3.0,285.44,-23.5,-53.31,285.44,-23.5,-53.31,0.7,0.2,0.43,0.53
3.0,153.31,-20.06,-149.88,153.31,-20.06,-149.88,-0.28,-0.93,-0.22,0.12,3.0,287.44,-22.12,-52.75,287.44,-22.12,-52.75,0.71,0.21,0.42,0.52
2.0,153.38,-17.5,-146.13,153.38,-17.5,-146.13,-0.31,-0.92,-0.22,0.09,3.0,289.13,-20.75,-51.69,289.13,-20.75,-51.69,0.72,0.22,0.4,0.51
2.0,153.19,-16.12,-143.06,153.19,-16.12,-143.06,-0.33,-0.91,-0.22,0.07,3.0,289.75,-18.44,-50.31,289.75,-18.44,-50.31,0.73,0.23,0.38,0.52
2.0,153.75,-15.25,-140.56,153.75,-15.25,-140.56,-0.36,-0.91,-0.21,0.05,3.0,293.38,-16.94,-48.69,293.38,-16.94,-48.69,0.75,0.24,0.35,0.5
2.0,8.44,-12.06,-134.0,8.44,-12.06,-134.0,-0.4,-0.9,-0.2,0.03,3.0,295.38,-15.44,-48.19,295.38,-15.44,-48.19,0.77,0.26,0.33,0.48
2.0,5.44,-10.75,-130.44,5.44,-10.75,-130.44,-0.43,-0.89,-0.18,0.02,3.0,297.94,-11.31,-48.06,297.94,-11.31,-48.06,0.78,0.29,0.3,0.47
2.0,2.19,-9.81,-128.44,2.19,-9.81,-128.44,-0.45,-0.88,-0.17,0.01,3.0,300.38,-9.69,-47.31,300.38,-9.69,-47.31,0.8,0.3,0.27,0.45
2.0,358.13,-8.38,-126.25,358.13,-8.38,-126.25,-0.46,-0.87,-0.18,-0.01,3.0,301.5,-6.63,-46.63,301.5,-6.63,-46.63,0.8,0.32,0.24,0.45
2.0,354.38,-7.5,-124.62,354.38,-7.5,-124.62,-0.47,-0.86,-0.19,-0.03,3.0,301.06,-3.88,-46.5,301.06,-3.88,-46.5,0.8,0.33,0.22,0.45
2.0,351.38,-6.81,-123.94,351.38,-6.81,-123.94,-0.47,-0.86,-0.19,-0.04,3.0,300.06,-1.31,-46.19,300.06,-1.31,-46.19,0.8,0.34,0.2,0.46
2.0,345.0,-4.75,-123.5,345.0,-4.75,-123.5,-0.47,-0.86,-0.2,-0.06,3.0,299.25,1.44,-45.19,299.25,1.44,-45.19,0.8,0.34,0.17,0.47
2.0,341.19,-3.0,-122.75,341.19,-3.0,-122.75,-0.47,-0.85,-0.2,-0.09,3.0,297.69,4.75,-42.38,297.69,4.75,-42.38,0.8,0.33,0.14,0.49
2.0,336.5,-1.5,-123.06,336.5,-1.5,-123.06,-0.46,-0.85,-0.21,-0.1,3.0,296.81,7.81,-40.13,296.81,7.81,-40.13,0.8,0.33,0.11,0.49
2.0,331.88,0.12,-123.0,331.88,0.12,-123.0,-0.46,-0.85,-0.21,-0.12,2.0,296.0,10.63,-38.06,296.0,10.63,-38.06,0.8,0.32,0.07,0.5
2.0,326.44,2.19,-123.0,326.44,2.19,-123.0,-0.45,-0.85,-0.21,-0.14,2.0,295.0,13.56,-35.13,295.0,13.56,-35.13,0.8,0.31,0.05,0.51
2.0,320.56,4.94,-123.06,320.56,4.94,-123.06,-0.45,-0.85,-0.21,-0.17,2.0,293.81,16.19,-32.75,293.81,16.19,-32.75,0.8,0.31,0.02,0.52
2.0,315.0,8.0,-123.06,315.0,8.0,-123.06,-0.44,-0.86,-0.19,-0.19,2.0,292.13,18.37,-30.37,292.13,18.37,-30.37,0.79,0.3,-0.0,0.54
2.0,309.06,11.38,-123.37,309.06,11.38,-123.37,-0.43,-0.86,-0.18,-0.21,2.0,290.38,20.06,-27.0,290.38,20.06,-27.0,0.78,0.28,-0.03,0.55
2.0,302.88,14.69,-123.94,302.88,14.69,-123.94,-0.42,-0.86,-0.16,-0.24,2.0,288.31,21.5,-24.31,288.31,21.5,-24.31,0.78,0.27,-0.05,0.56
2.0,297.0,17.94,-124.25,297.0,17.94,-124.25,-0.41,-0.86,-0.15,-0.26,2.0,287.0,22.62,-20.69,287.0,22.62,-20.69,0.77,0.25,-0.07,0.58
2.0,290.75,22.0,-124.19,290.75,22.0,-124.19,-0.4,-0.86,-0.13,-0.29,2.0,284.0,23.5,-16.19,284.0,23.5,-16.19,0.76,0.22,-0.09,0.6
2.0,284.25,25.12,-125.62,284.25,25.12,-125.62,-0.38,-0.87,-0.11,-0.3,2.0,281.69,24.12,-12.88,281.69,24.12,-12.88,0.75,0.21,-0.1,0.62
2.0,279.31,28.75,-126.81,279.31,28.75,-126.81,-0.37,-0.87,-0.08,-0.32,2.0,279.75,24.37,-9.25,279.75,24.37,-9.25,0.74,0.19,-0.12,0.63
2.0,274.13,32.13,-127.75,274.13,32.13,-127.75,-0.35,-0.87,-0.06,-0.34,2.0,277.5,24.25,-5.63,277.5,24.25,-5.63,0.73,0.17,-0.13,0.65
2.0,268.69,35.44,-129.19,268.69,35.44,-129.19,-0.34,-0.87,-0.04,-0.36,2.0,275.25,23.87,-2.44,275.25,23.87,-2.44,0.72,0.15,-0.14,0.66
2.0,264.5,38.06,-131.31,264.5,38.06,-131.31,-0.32,-0.87,-0.02,-0.37,2.0,273.5,23.12,1.12,273.5,23.12,1.12,0.71,0.12,-0.16,0.68
2.0,259.81,40.06,-133.25,259.81,40.06,-133.25,-0.31,-0.87,-0.01,-0.38,2.0,271.56,22.06,4.06,271.56,22.06,4.06,0.7,0.1,-0.16,0.69
2.0,254.75,42.81,-135.94,254.75,42.81,-135.94,-0.29,-0.87,0.01,-0.39,2.0,270.81,20.87,6.5,270.81,20.87,6.5,0.7,0.08,-0.17,0.69
2.0,249.81,44.81,-139.81,249.81,44.81,-139.81,-0.27,-0.88,0.04,-0.39,2.0,270.5,19.87,8.81,270.5,19.87,8.81,0.7,0.06,-0.18,0.69
2.0,244.25,46.56,-144.88,244.25,46.56,-144.88,-0.24,-0.88,0.06,-0.4,2.0,269.63,17.5,12.19,269.63,17.5,12.19,0.69,0.02,-0.18,0.7
2.0,237.75,48.5,-150.56,237.75,48.5,-150.56,-0.21,-0.88,0.09,-0.41,2.0,267.56,14.25,15.06,267.56,14.25,15.06,0.68,-0.01,-0.18,0.72
2.0,231.0,50.13,-156.38,231.0,50.13,-156.38,-0.19,-0.88,0.12,-0.41,2.0,265.63,11.88,17.06,265.63,11.88,17.06,0.67,-0.03,-0.18,0.72
2.0,226.0,51.13,-161.94,226.0,51.13,-161.94,-0.17,-0.88,0.15,-0.41,2.0,264.63,9.19,19.19,264.63,9.19,19.19,0.66,-0.06,-0.18,0.73
2.0,218.69,51.0,-168.94,218.69,51.0,-168.94,-0.13,-0.89,0.17,-0.41,2.0,262.0,5.31,21.19,262.0,5.31,21.19,0.64,-0.08,-0.17,0.74
2.0,208.0,49.19,-177.69,208.0,49.19,-177.69,-0.09,-0.89,0.2,-0.4,2.0,260.56,2.69,22.56,260.56,2.69,22.56,0.63,-0.12,-0.16,0.75
2.0,197.44,47.56,174.56,197.44,47.56,174.56,-0.05,-0.89,0.23,-0.4,2.0,258.63,-0.63,24.25,258.63,-0.63,24.25,0.61,-0.15,-0.16,0.76
2.0,189.0,46.69,168.19,189.0,46.69,168.19,-0.02,-0.88,0.25,-0.4,2.0,256.19,-4.56,25.87,256.19,-4.56,25.87,0.59,-0.18,-0.15,0.77
2.0,178.69,44.31,161.63,178.69,44.31,161.63,0.02,-0.87,0.28,-0.4,2.0,254.06,-8.31,27.37,254.06,-8.31,27.37,0.58,-0.21,-0.14,0.78
2.0,165.0,40.75,154.69,165.0,40.75,154.69,0.06,-0.87,0.3,-0.39,2.0,252.06,-12.0,28.25,252.06,-12.0,28.25,0.57,-0.23,-0.13,0.78
2.0,155.88,38.44,149.69,155.88,38.44,149.69,0.09,-0.85,0.33,-0.39,2.0,249.44,-16.37,29.5,249.44,-16.37,29.5,0.54,-0.27,-0.11,0.79
2.0,146.31,35.19,145.13,146.31,35.19,145.13,0.13,-0.84,0.35,-0.38,2.0,247.5,-20.0,30.25,247.5,-20.0,30.25,0.53,-0.29,-0.11,0.79
2.0,133.94,30.75,141.06,133.94,30.75,141.06,0.17,-0.84,0.37,-0.37,2.0,245.94,-23.0,30.87,245.94,-23.0,30.87,0.52,-0.31,-0.1,0.79
2.0,119.75,25.87,137.06,119.75,25.87,137.06,0.22,-0.83,0.38,-0.35,2.0,244.63,-25.94,31.37,244.63,-25.94,31.37,0.5,-0.33,-0.09,0.79
2.0,108.5,21.94,133.13,108.5,21.94,133.13,0.26,-0.81,0.39,-0.35,2.0,242.88,-28.75,31.94,242.88,-28.75,31.94,0.49,-0.35,-0.08,0.8
2.0,100.5,18.69,129.63,100.5,18.69,129.63,0.29,-0.8,0.4,-0.34,2.0,241.63,-31.19,32.13,241.63,-31.19,32.13,0.48,-0.37,-0.07,0.8
2.0,94.37,15.75,127.25,94.37,15.75,127.25,0.32,-0.78,0.42,-0.33,2.0,240.25,-33.63,32.06,240.25,-33.63,32.06,0.46,-0.38,-0.06,0.8
3.0,91.87,14.13,125.94,91.87,14.13,125.94,0.33,-0.77,0.43,-0.33,2.0,238.75,-36.44,32.13,238.75,-36.44,32.13,0.45,-0.4,-0.04,0.8
3.0,88.37,11.75,125.19,88.37,11.75,125.19,0.34,-0.76,0.45,-0.32,2.0,237.0,-39.5,32.31,237.0,-39.5,32.31,0.43,-0.42,-0.03,0.8
3.0,83.19,8.81,124.0,83.19,8.81,124.0,0.36,-0.75,0.46,-0.31,2.0,235.25,-42.56,32.13,235.25,-42.56,32.13,0.42,-0.43,-0.02,0.8
3.0,77.69,5.69,123.0,77.69,5.69,123.0,0.38,-0.74,0.47,-0.3,2.0,233.63,-45.25,31.75,233.63,-45.25,31.75,0.4,-0.45,-0.01,0.8
3.0,75.06,4.13,121.87,75.06,4.13,121.87,0.39,-0.73,0.47,-0.3,3.0,232.0,-47.88,31.37,232.0,-47.88,31.37,0.39,-0.46,0.01,0.8
3.0,73.0,2.81,121.12,73.0,2.81,121.12,0.4,-0.73,0.48,-0.29,3.0,230.88,-49.81,31.44,230.88,-49.81,31.44,0.37,-0.48,0.02,0.79
3.0,69.69,0.69,120.19,69.69,0.69,120.19,0.42,-0.71,0.49,-0.28,3.0,227.06,-55.88,30.56,227.06,-55.88,30.56,0.34,-0.51,0.04,0.79
3.0,64.56,-2.5,118.75,64.56,-2.5,118.75,0.44,-0.7,0.5,-0.27,3.0,224.38,-59.81,28.94,224.38,-59.81,28.94,0.31,-0.53,0.07,0.78
3.0,60.0,-5.63,116.81,60.0,-5.63,116.81,0.46,-0.68,0.51,-0.26,3.0,220.94,-64.31,26.94,220.94,-64.31,26.94,0.29,-0.55,0.08,0.78
3.0,57.06,-8.19,115.75,57.06,-8.19,115.75,0.47,-0.66,0.52,-0.25,3.0,219.25,-66.94,27.56,219.25,-66.94,27.56,0.27,-0.57,0.09,0.77
3.0,54.38,-11.0,115.31,54.38,-11.0,115.31,0.48,-0.64,0.54,-0.24,3.0,217.13,-70.37,27.06,217.13,-70.37,27.06,0.25,-0.59,0.1,0.76
3.0,51.44,-13.75,115.0,51.44,-13.75,115.0,0.49,-0.63,0.55,-0.23,3.0,215.19,-73.81,25.44,215.19,-73.81,25.44,0.23,-0.61,0.12,0.75
3.0,48.81,-16.25,115.0,48.81,-16.25,115.0,0.5,-0.62,0.57,-0.22,3.0,213.31,-77.5,23.06,213.31,-77.5,23.06,0.21,-0.63,0.14,0.74
3.0,46.31,-18.5,115.25,46.31,-18.5,115.25,0.5,-0.6,0.58,-0.21,3.0,210.56,-81.56,12.25,210.56,-81.56,12.25,0.19,-0.64,0.16,0.73
3.0,44.63,-19.94,116.0,44.63,-19.94,116.0,0.5,-0.6,0.59,-0.2,3.0,208.88,-84.87,0.0,208.88,-84.87,0.0,0.18,-0.65,0.17,0.71
3.0,42.81,-21.0,115.81,42.81,-21.0,115.81,0.51,-0.6,0.59,-0.2,3.0,208.5,-86.69,-0.5,208.5,-86.69,-0.5,0.18,-0.67,0.18,0.7
3.0,40.75,-22.31,116.19,40.75,-22.31,116.19,0.51,-0.59,0.6,-0.19,3.0,207.69,-85.62,-177.44,207.69,-85.62,-177.44,0.16,-0.7,0.21,0.67
3.0,38.38,-23.75,116.81,38.38,-23.75,116.81,0.51,-0.59,0.6,-0.18,3.0,206.13,-81.37,-147.94,206.13,-81.37,-147.94,0.15,-0.72,0.24,0.64
3.0,36.31,-25.0,116.94,36.31,-25.0,116.94,0.52,-0.58,0.6,-0.17,3.0,205.88,-77.81,-152.5,205.88,-77.81,-152.5,0.14,-0.73,0.25,0.62
3.0,33.94,-26.37,117.19,33.94,-26.37,117.19,0.52,-0.58,0.61,-0.15,3.0,206.38,-74.12,-156.94,206.38,-74.12,-156.94,0.14,-0.75,0.26,0.6
3.0,31.37,-27.94,117.87,31.37,-27.94,117.87,0.52,-0.57,0.61,-0.14,3.0,206.94,-70.56,-159.38,206.94,-70.56,-159.38,0.14,-0.76,0.29,0.56
3.0,29.69,-29.0,118.5,29.69,-29.0,118.5,0.52,-0.57,0.62,-0.13,3.0,209.75,-63.06,-165.31,209.75,-63.06,-165.31,0.14,-0.78,0.32,0.51
3.0,25.75,-31.19,118.81,25.75,-31.19,118.81,0.53,-0.57,0.62,-0.11,3.0,213.25,-57.19,-169.25,213.25,-57.19,-169.25,0.14,-0.8,0.35,0.46
3.0,20.75,-33.25,120.0,20.75,-33.25,120.0,0.53,-0.57,0.62,-0.09,3.0,217.31,-51.94,-172.31,217.31,-51.94,-172.31,0.14,-0.82,0.37,0.42
3.0,14.5,-36.31,121.69,14.5,-36.31,121.69,0.53,-0.56,0.63,-0.07,3.0,223.0,-48.69,-175.81,223.0,-48.69,-175.81,0.15,-0.82,0.39,0.38
3.0,12.56,-37.25,122.25,12.56,-37.25,122.25,0.53,-0.56,0.63,-0.05,3.0,226.88,-47.0,-177.75,226.88,-47.0,-177.75,0.16,-0.83,0.4,0.36
3.0,9.44,-38.5,123.12,9.44,-38.5,123.12,0.53,-0.56,0.63,-0.04,3.0,235.19,-45.13,178.0,235.19,-45.13,178.0,0.18,-0.83,0.4,0.34
3.0,7.19,-39.0,124.19,7.19,-39.0,124.19,0.53,-0.57,0.63,-0.03,3.0,231.06,-44.13,175.69,231.06,-44.13,175.69,0.19,-0.84,0.4,0.32
3.0,5.13,-39.5,125.06,5.13,-39.5,125.06,0.53,-0.57,0.63,-0.02,3.0,231.0,-42.25,171.81,231.0,-42.25,171.81,0.21,-0.84,0.4,0.29
3.0,1.88,-40.5,126.5,1.88,-40.5,126.5,0.52,-0.57,0.63,-0.0,3.0,230.06,-40.44,166.75,230.06,-40.44,166.75,0.24,-0.85,0.39,0.26
3.0,358.94,-41.38,128.13,358.94,-41.38,128.13,0.52,-0.57,0.63,0.01,3.0,229.81,-37.63,162.44,229.81,-37.63,162.44,0.26,-0.85,0.39,0.23
3.0,357.13,-41.81,129.69,357.13,-41.81,129.69,0.51,-0.58,0.64,0.02,2.0,229.19,-36.75,158.0,229.19,-36.75,158.0,0.29,-0.85,0.38,0.22
3.0,355.38,-42.44,130.56,355.38,-42.44,130.56,0.51,-0.57,0.64,0.02,2.0,227.63,-36.5,153.56,227.63,-36.5,153.56,0.31,-0.85,0.37,0.21
3.0,352.81,-43.81,131.31,352.81,-43.81,131.31,0.51,-0.57,0.64,0.04,2.0,297.44,-36.06,148.63,297.44,-36.06,148.63,0.35,-0.84,0.35,0.2
3.0,349.06,-45.06,132.94,349.06,-45.06,132.94,0.51,-0.57,0.64,0.06,2.0,305.19,-35.5,142.31,305.19,-35.5,142.31,0.38,-0.84,0.34,0.19
3.0,344.81,-46.31,134.25,344.81,-46.31,134.25,0.5,-0.58,0.64,0.07,2.0,310.88,-34.75,138.81,310.88,-34.75,138.81,0.41,-0.83,0.34,0.18
3.0,340.56,-47.19,135.75,340.56,-47.19,135.75,0.5,-0.59,0.63,0.09,2.0,314.31,-35.44,134.19,314.31,-35.44,134.19,0.45,-0.81,0.32,0.18
3.0,338.13,-46.69,137.94,338.13,-46.69,137.94,0.48,-0.6,0.63,0.1,2.0,319.56,-35.38,123.5,319.56,-35.38,123.5,0.51,-0.79,0.29,0.18
3.0,334.81,-46.31,140.13,334.81,-46.31,140.13,0.47,-0.61,0.63,0.11,2.0,325.56,-34.88,117.25,325.56,-34.88,117.25,0.54,-0.77,0.3,0.16
3.0,328.31,-46.75,143.63,328.31,-46.75,143.63,0.46,-0.62,0.62,0.13,2.0,328.5,-35.63,112.37,328.5,-35.63,112.37,0.59,-0.74,0.29,0.16
3.0,326.25,-46.13,145.25,326.25,-46.13,145.25,0.44,-0.64,0.62,0.14,2.0,334.75,-32.19,100.37,334.75,-32.19,100.37,0.65,-0.7,0.26,0.14
3.0,324.06,-45.0,147.19,324.06,-45.0,147.19,0.42,-0.65,0.61,0.14,2.0,338.5,-32.38,95.56,338.5,-32.38,95.56,0.67,-0.67,0.29,0.13
3.0,323.63,-42.88,148.31,323.63,-42.88,148.31,0.41,-0.68,0.6,0.13,2.0,336.69,-38.06,92.25,336.69,-38.06,92.25,0.7,-0.62,0.32,0.15
3.0,324.13,-40.13,147.63,324.13,-40.13,147.63,0.4,-0.71,0.57,0.13,2.0,338.19,-37.69,81.31,338.19,-37.69,81.31,0.75,-0.57,0.29,0.13
3.0,319.38,-39.0,148.31,319.38,-39.0,148.31,0.37,-0.74,0.54,0.15,2.0,340.38,-38.13,71.0,340.38,-38.13,71.0,0.79,-0.51,0.32,0.14
3.0,248.88,-37.0,153.63,248.88,-37.0,153.63,0.32,-0.77,0.52,0.16,2.0,333.88,-47.25,61.56,333.88,-47.25,61.56,0.8,-0.44,0.36,0.2
3.0,244.44,-34.75,158.25,244.44,-34.75,158.25,0.29,-0.81,0.49,0.17,2.0,329.06,-49.38,48.06,329.06,-49.38,48.06,0.83,-0.37,0.35,0.23
3.0,237.5,-34.75,160.0,237.5,-34.75,160.0,0.26,-0.83,0.44,0.21,2.0,326.69,-47.94,34.75,326.69,-47.94,34.75,0.85,-0.3,0.35,0.26
3.0,231.25,-36.0,166.56,231.25,-36.0,166.56,0.2,-0.86,0.4,0.25,2.0,321.38,-50.38,20.06,321.38,-50.38,20.06,0.84,-0.24,0.37,0.32
3.0,226.5,-36.94,177.25,226.5,-36.94,177.25,0.12,-0.88,0.36,0.3,2.0,314.13,-50.25,5.31,314.13,-50.25,5.31,0.83,-0.18,0.38,0.36
2.0,221.94,-39.88,-176.5,221.94,-39.88,-176.5,0.09,-0.88,0.32,0.34,2.0,310.69,-46.81,-5.56,310.69,-46.81,-5.56,0.83,-0.11,0.38,0.39
2.0,216.56,-44.31,-173.06,216.56,-44.31,-173.06,0.06,-0.88,0.27,0.39,2.0,305.81,-44.19,-17.12,305.81,-44.19,-17.12,0.81,-0.06,0.39,0.43
2.0,189.38,-48.75,-168.88,189.38,-48.75,-168.88,0.02,-0.88,0.19,0.43,2.0,298.75,-40.31,-22.87,298.75,-40.31,-22.87,0.79,-0.04,0.38,0.49
2.0,180.5,-54.5,-167.63,180.5,-54.5,-167.63,-0.0,-0.87,0.11,0.48,2.0,293.75,-35.44,-23.81,293.75,-35.44,-23.81,0.78,-0.01,0.35,0.52
2.0,177.44,-60.44,-171.88,177.44,-60.44,-171.88,-0.01,-0.86,0.02,0.51,2.0,291.81,-31.94,-26.0,291.81,-31.94,-26.0,0.77,0.01,0.34,0.54
2.0,172.63,-62.94,-175.25,172.63,-62.94,-175.25,-0.05,-0.85,-0.04,0.53,2.0,287.25,-28.87,-27.0,287.25,-28.87,-27.0,0.75,0.01,0.32,0.57
2.0,161.75,-64.44,-170.38,161.75,-64.44,-170.38,-0.1,-0.84,-0.07,0.53,2.0,283.25,-25.75,-24.0,283.25,-25.75,-24.0,0.75,0.01,0.29,0.6
1.0,159.13,-63.88,-171.44,159.13,-63.88,-171.44,-0.09,-0.84,-0.11,0.52,2.0,282.0,-23.06,-22.12,282.0,-23.06,-22.12,0.75,0.02,0.27,0.61
1.0,158.13,-64.87,-177.0,158.13,-64.87,-177.0,-0.1,-0.83,-0.14,0.53,2.0,280.38,-20.06,-21.5,280.38,-20.06,-21.5,0.74,0.02,0.24,0.63
1.0,153.69,-66.12,-179.69,153.69,-66.12,-179.69,-0.12,-0.82,-0.19,0.53,2.0,279.0,-16.62,-16.62,279.0,-16.62,-16.62,0.75,0.0,0.18,0.64
0.0,149.38,-64.5,-178.63,149.38,-64.5,-178.63,-0.14,-0.82,-0.23,0.5,2.0,278.0,-14.0,-9.0,278.0,-14.0,-9.0,0.75,-0.03,0.13,0.65
0.0,144.94,-59.13,179.75,144.94,-59.13,179.75,-0.15,-0.83,-0.27,0.46,2.0,276.5,-12.88,-5.31,276.5,-12.88,-5.31,0.74,-0.05,0.11,0.67
0.0,140.63,-56.06,-178.69,140.63,-56.06,-178.69,-0.16,-0.84,-0.29,0.44,2.0,273.88,-13.0,-2.38,273.88,-13.0,-2.38,0.72,-0.07,0.09,0.68
0.0,139.94,-52.19,179.94,139.94,-52.19,179.94,-0.15,-0.85,-0.32,0.4,2.0,271.25,-13.75,2.5,271.25,-13.75,2.5,0.7,-0.11,0.06,0.7
0.0,135.5,-46.31,-178.31,135.5,-46.31,-178.31,-0.15,-0.87,-0.33,0.35,2.0,269.38,-14.0,6.88,269.38,-14.0,6.88,0.69,-0.14,0.04,0.71
0.0,137.5,-40.06,-176.88,137.5,-40.06,-176.88,-0.14,-0.88,-0.34,0.3,2.0,267.25,-14.75,10.19,267.25,-14.75,10.19,0.67,-0.16,0.02,0.72
0.0,137.25,-33.06,-179.25,137.25,-33.06,-179.25,-0.09,-0.9,-0.36,0.25,3.0,264.94,-16.19,13.0,264.94,-16.19,13.0,0.66,-0.19,0.01,0.73
0.0,136.88,-24.44,176.81,136.88,-24.44,176.81,-0.04,-0.92,-0.35,0.19,3.0,263.19,-17.87,16.69,263.19,-17.87,16.69,0.64,-0.22,-0.01,0.73
0.0,140.06,-15.5,176.0,140.06,-15.5,176.0,0.0,-0.94,-0.33,0.11,3.0,261.31,-20.06,20.44,261.31,-20.06,20.44,0.62,-0.26,-0.02,0.74
1.0,144.13,-6.44,173.31,144.13,-6.44,173.31,0.06,-0.95,-0.29,0.05,3.0,259.0,-22.56,23.31,259.0,-22.56,23.31,0.61,-0.28,-0.02,0.74
1.0,150.38,1.44,166.31,150.38,1.44,166.31,0.15,-0.96,-0.24,-0.0,3.0,259.44,-24.44,26.37,259.44,-24.44,26.37,0.61,-0.3,-0.02,0.73
1.0,154.81,8.88,156.88,154.81,8.88,156.88,0.24,-0.95,-0.19,-0.05,3.0,257.56,-28.87,30.31,257.56,-28.87,30.31,0.59,-0.35,-0.02,0.73
1.0,163.75,12.25,147.75,163.75,12.25,147.75,0.31,-0.94,-0.11,-0.08,3.0,254.19,-33.81,34.69,254.19,-33.81,34.69,0.55,-0.4,-0.02,0.73
1.0,31.62,15.0,136.94,31.62,15.0,136.94,0.41,-0.9,-0.09,-0.11,3.0,252.56,-36.19,38.69,252.56,-36.19,38.69,0.53,-0.43,-0.03,0.73
2.0,28.44,16.5,122.12,28.44,16.5,122.12,0.51,-0.85,-0.07,-0.13,3.0,250.94,-38.31,43.5,250.94,-38.31,43.5,0.51,-0.46,-0.05,0.72
2.0,28.5,15.19,113.62,28.5,15.19,113.62,0.55,-0.82,-0.01,-0.14,3.0,248.13,-41.88,48.19,248.13,-41.88,48.19,0.48,-0.5,-0.05,0.72
2.0,25.81,10.56,106.5,25.81,10.56,106.5,0.61,-0.78,0.04,-0.13,3.0,245.44,-45.38,52.94,245.44,-45.38,52.94,0.46,-0.53,-0.05,0.71
2.0,21.19,5.81,96.25,21.19,5.81,96.25,0.67,-0.72,0.07,-0.12,3.0,243.0,-49.0,57.25,243.0,-49.0,57.25,0.43,-0.57,-0.05,0.7
2.0,18.75,2.19,89.75,18.75,2.19,89.75,0.71,-0.69,0.09,-0.11,3.0,240.63,-52.63,58.25,240.63,-52.63,58.25,0.41,-0.58,-0.03,0.7
2.0,17.25,0.25,86.5,17.25,0.25,86.5,0.73,-0.67,0.1,-0.11,3.0,239.06,-52.94,57.38,239.06,-52.94,57.38,0.4,-0.58,-0.03,0.71
2.0,15.56,-0.19,82.37,15.56,-0.19,82.37,0.75,-0.64,0.09,-0.1,3.0,238.44,-52.44,57.13,238.44,-52.44,57.13,0.4,-0.58,-0.04,0.71
2.0,14.63,-1.44,79.12,14.63,-1.44,79.12,0.77,-0.62,0.11,-0.09,3.0,237.5,-52.75,58.5,237.5,-52.75,58.5,0.39,-0.59,-0.05,0.71
2.0,12.06,-5.5,76.56,12.06,-5.5,76.56,0.78,-0.6,0.13,-0.08,3.0,236.19,-53.63,61.81,236.19,-53.63,61.81,0.37,-0.6,-0.05,0.7
2.0,9.63,-7.63,75.75,9.63,-7.63,75.75,0.78,-0.6,0.14,-0.06,3.0,234.56,-54.63,66.19,234.56,-54.63,66.19,0.36,-0.62,-0.06,0.7
2.0,4.81,-11.13,76.56,4.81,-11.13,76.56,0.78,-0.6,0.15,-0.02,3.0,233.81,-55.13,69.87,233.81,-55.13,69.87,0.35,-0.63,-0.07,0.69
2.0,359.13,-15.0,76.12,359.13,-15.0,76.12,0.79,-0.6,0.17,0.02,3.0,232.25,-55.88,72.37,232.25,-55.88,72.37,0.33,-0.64,-0.08,0.69
2.0,353.56,-19.0,75.19,353.56,-19.0,75.19,0.79,-0.59,0.18,0.06,2.0,230.31,-56.31,74.94,230.31,-56.31,74.94,0.32,-0.65,-0.09,0.68
2.0,347.81,-22.87,75.19,347.81,-22.87,75.19,0.78,-0.59,0.19,0.1,2.0,228.69,-57.25,77.87,228.69,-57.25,77.87,0.3,-0.66,-0.09,0.68
2.0,342.63,-27.12,73.75,342.63,-27.12,73.75,0.78,-0.57,0.21,0.13,2.0,228.31,-57.0,79.81,228.31,-57.0,79.81,0.3,-0.67,-0.1,0.67
2.0,337.63,-30.31,68.87,337.63,-30.31,68.87,0.8,-0.55,0.19,0.16,2.0,228.56,-56.44,82.0,228.56,-56.44,82.0,0.3,-0.68,-0.11,0.67
1.0,339.88,-24.69,70.69,339.88,-24.69,70.69,0.78,-0.58,0.17,0.16,2.0,227.19,-57.75,85.69,227.19,-57.75,85.69,0.29,-0.69,-0.1,0.66
1.0,333.5,-28.37,74.94,333.5,-28.37,74.94,0.76,-0.6,0.17,0.18,2.0,225.94,-58.81,88.5,225.94,-58.81,88.5,0.27,-0.7,-0.1,0.66
1.0,334.56,-28.25,79.12,334.56,-28.25,79.12,0.74,-0.63,0.18,0.16,2.0,224.63,-57.69,89.62,224.63,-57.69,89.62,0.27,-0.7,-0.13,0.65
1.0,336.69,-27.5,82.06,336.69,-27.5,82.06,0.74,-0.63,0.18,0.15,2.0,223.81,-55.94,91.81,223.81,-55.94,91.81,0.26,-0.7,-0.15,0.65
1.0,334.69,-28.56,76.19,334.69,-28.56,76.19,0.77,-0.59,0.18,0.18,2.0,223.94,-56.25,92.87,223.94,-56.25,92.87,0.26,-0.7,-0.14,0.64
1.0,332.63,-27.25,70.75,332.63,-27.25,70.75,0.79,-0.57,0.13,0.18,2.0,226.13,-55.75,93.62,226.13,-55.75,93.62,0.27,-0.71,-0.14,0.64
1.0,337.88,-17.0,67.44,337.88,-17.0,67.44,0.82,-0.55,0.04,0.15,2.0,225.63,-55.88,96.06,225.63,-55.88,96.06,0.25,-0.72,-0.15,0.63
1.0,342.75,-8.69,65.75,342.75,-8.69,65.75,0.83,-0.54,-0.0,0.12,2.0,220.75,-57.13,100.69,220.75,-57.13,100.69,0.23,-0.73,-0.15,0.63
1.0,344.06,-6.38,65.25,344.06,-6.38,65.25,0.83,-0.54,-0.01,0.11,2.0,220.25,-57.19,101.44,220.25,-57.19,101.44,0.23,-0.73,-0.15,0.63
1.0,344.63,-5.81,65.19,344.63,-5.81,65.19,0.83,-0.54,-0.01,0.11,2.0,222.06,-57.19,100.19,222.06,-57.19,100.19,0.25,-0.73,-0.14,0.63
1.0,344.06,-6.5,65.37,344.06,-6.5,65.37,0.83,-0.54,-0.01,0.12,2.0,222.69,-57.0,100.19,222.69,-57.0,100.19,0.24,-0.73,-0.14,0.62
1.0,343.5,-7.25,65.56,343.5,-7.25,65.56,0.83,-0.54,-0.0,0.12,2.0,221.13,-58.25,102.19,221.13,-58.25,102.19,0.23,-0.73,-0.14,0.63
1.0,343.63,-7.13,65.5,343.63,-7.13,65.5,0.83,-0.54,-0.0,0.12,2.0,222.63,-57.19,100.37,222.63,-57.19,100.37,0.26,-0.72,-0.15,0.63
1.0,344.19,-6.31,65.44,344.19,-6.31,65.44,0.83,-0.54,-0.01,0.11,2.0,230.81,-51.25,94.06,230.81,-51.25,94.06,0.32,-0.69,-0.18,0.62
1.0,345.0,-5.25,65.25,345.0,-5.25,65.25,0.84,-0.54,-0.02,0.11,2.0,240.94,-40.0,88.5,240.94,-40.0,88.5,0.38,-0.64,-0.27,0.61
1.0,345.81,-4.19,65.0,345.81,-4.19,65.0,0.84,-0.54,-0.02,0.1,2.0,248.94,-28.06,87.69,248.94,-28.06,87.69,0.41,-0.61,-0.34,0.59
1.0,346.13,-3.63,64.87,346.13,-3.63,64.87,0.84,-0.54,-0.03,0.1,2.0,250.94,-24.06,87.31,250.94,-24.06,87.31,0.42,-0.6,-0.35,0.59
1.0,346.13,-3.56,64.87,346.13,-3.56,64.87,0.84,-0.54,-0.03,0.1,2.0,250.88,-23.87,87.19,250.88,-23.87,87.19,0.42,-0.6,-0.35,0.59
1.0,346.06,-3.75,65.0,346.06,-3.75,65.0,0.84,-0.54,-0.03,0.1,2.0,248.94,-26.19,87.19,248.94,-26.19,87.19,0.41,-0.61,-0.33,0.6
1.0,346.06,-3.81,65.0,346.06,-3.81,65.0,0.84,-0.54,-0.03,0.1,2.0,247.5,-27.94,87.12,247.5,-27.94,87.12,0.4,-0.61,-0.33,0.6
1.0,346.19,-3.56,65.0,346.19,-3.56,65.0,0.84,-0.54,-0.03,0.1,2.0,248.19,-27.12,87.19,248.19,-27.12,87.19,0.41,-0.6,-0.34,0.6
1.0,346.44,-3.19,64.94,346.44,-3.19,64.94,0.84,-0.54,-0.03,0.1,2.0,250.06,-24.81,87.31,250.06,-24.81,87.31,0.42,-0.6,-0.35,0.59
1.0,346.44,-3.19,64.94,346.44,-3.19,64.94,0.84,-0.54,-0.03,0.1,2.0,251.25,-23.37,87.31,251.25,-23.37,87.31,0.42,-0.59,-0.36,0.59
1.0,346.5,-3.25,65.0,346.5,-3.25,65.0,0.84,-0.54,-0.03,0.1,2.0,251.06,-23.56,87.31,251.06,-23.56,87.31,0.42,-0.6,-0.35,0.59
1.0,345.5,-3.19,65.0,345.5,-3.19,65.0,0.84,-0.54,-0.03,0.11,2.0,250.5,-24.31,87.31,250.5,-24.31,87.31,0.42,-0.6,-0.35,0.59
1.0,345.5,-3.13,65.06,345.5,-3.13,65.06,0.84,-0.54,-0.04,0.11,2.0,250.63,-24.12,87.31,250.63,-24.12,87.31,0.42,-0.6,-0.35,0.59
1.0,344.5,-3.13,65.06,344.5,-3.13,65.06,0.84,-0.54,-0.04,0.11,2.0,251.38,-23.25,87.31,251.38,-23.25,87.31,0.42,-0.59,-0.36,0.59
1.0,343.63,-3.13,65.06,343.63,-3.13,65.06,0.83,-0.54,-0.04,0.12,2.0,251.94,-22.56,87.37,251.94,-22.56,87.37,0.42,-0.59,-0.36,0.58
1.0,343.63,-3.13,65.06,343.63,-3.13,65.06,0.83,-0.54,-0.04,0.12,2.0,252.06,-22.37,87.37,252.06,-22.37,87.37,0.42,-0.59,-0.36,0.58
1.0,342.69,-3.0,65.12,342.69,-3.0,65.12,0.83,-0.54,-0.05,0.13,2.0,252.0,-22.5,87.5,252.0,-22.5,87.5,0.42,-0.59,-0.36,0.58
1.0,342.81,-2.88,65.12,342.81,-2.88,65.12,0.83,-0.54,-0.05,0.13,2.0,252.0,-22.44,87.56,252.0,-22.44,87.56,0.42,-0.59,-0.36,0.58
1.0,342.06,-2.75,65.06,342.06,-2.75,65.06,0.83,-0.54,-0.06,0.13,2.0,252.25,-22.12,87.69,252.25,-22.12,87.69,0.43,-0.59,-0.37,0.58
1.0,341.5,-2.56,65.06,341.5,-2.56,65.06,0.83,-0.53,-0.06,0.13,2.0,252.56,-21.81,87.75,252.56,-21.81,87.75,0.43,-0.59,-0.37,0.58
1.0,341.63,-2.44,65.06,341.63,-2.44,65.06,0.83,-0.53,-0.06,0.13,2.0,252.69,-21.62,87.75,252.69,-21.62,87.75,0.43,-0.59,-0.37,0.58
1.0,341.19,-2.31,65.06,341.19,-2.31,65.06,0.83,-0.53,-0.06,0.14,2.0,252.69,-21.56,87.81,252.69,-21.56,87.81,0.43,-0.59,-0.37,0.58
1.0,341.25,-2.25,65.06,341.25,-2.25,65.06,0.83,-0.53,-0.07,0.14,2.0,252.0,-21.44,87.87,252.0,-21.44,87.87,0.42,-0.59,-0.37,0.58
1.0,340.75,-2.13,65.12,340.75,-2.13,65.12,0.83,-0.53,-0.07,0.14,2.0,252.19,-21.25,87.94,252.19,-21.25,87.94,0.42,-0.58,-0.38,0.58
1.0,340.38,-2.0,65.12,340.38,-2.0,65.12,0.83,-0.53,-0.07,0.14,2.0,251.69,-21.06,88.0,251.69,-21.06,88.0,0.42,-0.58,-0.38,0.58
1.0,340.5,-1.88,65.12,340.5,-1.88,65.12,0.83,-0.53,-0.07,0.14,2.0,251.19,-21.0,88.06,251.19,-21.0,88.06,0.42,-0.58,-0.38,0.58
